song_name,tempo_bpm
#BrooklynBloodPop!.mp3,[129.19921875]
(It Goes Like) Nanana.mp3,[129.19921875]
"...And to Those I Love, Thanks for Sticking Around.mp3",[75.99954044]
...Baby One More Time (from Kung Fu Panda 4).mp3,[99.38401442]
"0 Sentimientos (feat. Baby Rasta, Darkiel, Messiah & Lyan) - Remix.mp3",[107.66601562]
0800 HEAVEN.mp3,[135.99917763]
10 Freaky Girls (with 21 Savage).mp3,[172.265625]
10 Things I Hate About You.mp3,[103.359375]
"10,000 Hours.mp3",[89.10290948]
100 MESSAGGI.mp3,[161.49902344]
1000 Blunts.mp3,[135.99917763]
11 PM.mp3,[95.703125]
2 Balas.mp3,[172.265625]
2 Be Loved (Am I Ready) [PNAU Remix].mp3,[135.99917763]
2 Hielos.mp3,[103.359375]
2 Phones.mp3,[123.046875]
20 Min.mp3,[123.046875]
2002.mp3,[129.19921875]
21 Reasons (feat. Ella Henderson).mp3,[123.046875]
21.mp3,[172.265625]
220 KID x Billen Ted Remix.mp3,[117.45383523]
23.mp3,[172.265625]
24).mp3,[71.77734375]
24.mp3,[129.19921875]
295.mp3,[89.10290948]
2Humpy is Back.mp3,[161.49902344]
3 Nights.mp3,[75.99954044]
300 Noches.mp3,[123.046875]
360.mp3,[123.046875]
365.mp3,[92.28515625]
5 Foot 9.mp3,[143.5546875]
505.mp3,[151.99908088]
512.mp3,[117.45383523]
679 (feat. Remy Boyz).mp3,[95.703125]
6arelyhuman).mp3,[123.046875]
8 AM.mp3,[129.19921875]
8am in Charlotte.mp3,[135.99917763]
90-90 Nabbe Nabbe (From _Jatt Nuu Chudail Takri_).mp3,[99.38401442]
911 (Remix).mp3,[123.046875]
9lives).mp3,[151.99908088]
9mm.mp3,[151.99908088]
A Bar Song (Tipsy).mp3,[80.74951172]
A Cara do Crime (Nos Incomoda).mp3,[112.34714674]
A Cold Sunday.mp3,[151.99908088]
A Mi.mp3,[184.5703125]
A Puro Dolor.mp3,[129.19921875]
A Real Playa.mp3,[69.83741554]
A Sky Full of Stars.mp3,[83.35433468]
a thousand years.mp3,[46.98153409]
A Tu Merced.mp3,[92.28515625]
Aa.mp3,[135.99917763]
Aap Ki Kashish.mp3,[73.828125]
About Damn Time.mp3,[107.66601562]
About You.mp3,[95.703125]
Acapulco.mp3,[123.046875]
Adios Amor.mp3,[184.5703125]
Admirin' You (feat. Preston Pablo).mp3,[95.703125]
Adventure of a Lifetime.mp3,[112.34714674]
Aesthetic.mp3,[86.1328125]
After LIKE.mp3,[123.046875]
After Party.mp3,[80.74951172]
"After The Storm (feat. Tyler, The Creator & Bootsy Collins).mp3",[161.49902344]
again.mp3,[92.28515625]
Agora Hills.mp3,[123.046875]
Aguacero.mp3,[117.45383523]
Ah-Bop.mp3,[198.76802885]
Ahora Dice.mp3,[143.5546875]
Ahora Me Llama.mp3,[135.99917763]
Ai Preto.mp3,[184.5703125]
Aigiri Nandini.mp3,[117.45383523]
Ain't Shit.mp3,[61.5234375]
Ain't Your Mama.mp3,[161.49902344]
Akher Yawm.mp3,[112.34714674]
Alcohol-Free.mp3,[129.19921875]
Algo Magico.mp3,[99.38401442]
Ali Cabbar.mp3,[129.19921875]
All Around The World (La La La).mp3,[123.046875]
All By Myself.mp3,[123.046875]
All Eyez on Me - Gangsta Remix.mp3,[103.359375]
All I Want for Christmas Is You.mp3,[143.5546875]
All My Life (feat. J. Cole).mp3,[143.5546875]
All Out Of Fight.mp3,[143.5546875]
All Too Well (10 Minute Version) (Taylor's Version) (From The Vault).mp3,[92.28515625]
all-american bitch.mp3,[151.99908088]
Alone (with Nicki Minaj).mp3,[135.99917763]
"Alone, Pt. II.mp3",[117.45383523]
Alone.mp3,[184.5703125]
Already Dead.mp3,[83.35433468]
Already Rich.mp3,[135.99917763]
Always This Same Old Song.mp3,[99.38401442]
Always.mp3,[135.99917763]
Am I Wrong.mp3,[117.45383523]
AM Remix.mp3,[172.265625]
Amapiano.mp3,[112.34714674]
Ameno Amapiano Remix (You Wanna Bamba).mp3,[112.34714674]
American Boy.mp3,[117.45383523]
Amigos Con Derechos.mp3,[123.046875]
Amor A Primera Vista.mp3,[89.10290948]
AMOR PROPIO.mp3,[83.35433468]
Amor Tumbado.mp3,[99.38401442]
Ana Ghaltan.mp3,[117.45383523]
Andamos Mejor.mp3,[107.66601562]
Andas En Mi Cabeza.mp3,[103.359375]
ANDO.mp3,[198.76802885]
Angels Like You.mp3,[123.046875]
Animals.mp3,[95.703125]
"Annihilate (Spider-Man_ Across the Spider-Verse) (Metro Boomin & Swae Lee, Lil Wayne, Offset).mp3",[143.5546875]
Another Late Night (feat. Lil Yachty).mp3,[161.49902344]
Another Love - Tiesto Remix.mp3,[123.046875]
Another Love.mp3,[117.45383523]
Anti-Hero.mp3,[95.703125]
Antidepresan.mp3,[99.38401442]
Antidote.mp3,[129.19921875]
ANTIFRAGILE.mp3,[103.359375]
Anyone.mp3,[117.45383523]
AOK.mp3,[80.74951172]
Apa Fer Milaange.mp3,[143.5546875]
Apaga El Cel.mp3,[123.046875]
Apocalypse.mp3,[89.10290948]
April Rain in August Weather.mp3,[143.5546875]
Aquel Nap ZzZz.mp3,[112.34714674]
Arcade.mp3,[129.19921875]
Are You Entertained.mp3,[129.19921875]
"Are You Going to See the Rose in the Vase, or the Dust on the Table.mp3",[143.5546875]
Area Codes.mp3,[78.30255682]
Arhbo [Music from the FIFA World Cup Qatar 2022 Official Soundtrack].mp3,[117.45383523]
Aria.mp3,[123.046875]
Arjan Vailly (From _ANIMAL_).mp3,[75.99954044]
Armageddon.mp3,[92.28515625]
Armed And Dangerous.mp3,[129.19921875]
Arms Around You (feat. Maluma & Swae Lee).mp3,[143.5546875]
Around Me (feat. Don Toliver).mp3,[60.09265988]
Arranca (feat. Omega).mp3,[117.45383523]
ARRANCARMELO.mp3,[151.99908088]
ART.mp3,[151.99908088]
As It Was.mp3,[172.265625]
As the World Caves In.mp3,[143.5546875]
ASAP.mp3,[129.19921875]
Ascend.mp3,[117.45383523]
Asesina - Remix.mp3,[92.28515625]
Asesina.mp3,[184.5703125]
Ashes.mp3,[129.19921875]
ASI ES LA VIDA.mp3,[129.19921875]
Asi Lo Quiso Dios.mp3,[143.5546875]
Asiwaju.mp3,[135.99917763]
Asking.mp3,[129.19921875]
Astronaut In The Ocean.mp3,[99.38401442]
Asylum.mp3,[107.66601562]
At My Worst.mp3,[92.28515625]
ATM.mp3,[143.5546875]
Atmosphere.mp3,[123.046875]
ATORRANTE - con Los Palmeras.mp3,[112.34714674]
Attention.mp3,[86.1328125]
ATTITUDE (FEAT. CHARLIE WILSON & CASH COBAIN).mp3,[78.30255682]
august.mp3,[89.10290948]
Aullando.mp3,[123.046875]
Austin (Boots Stop Workin').mp3,[117.45383523]
Automotivo Bibi Fogosa.mp3,[135.99917763]
Avalon.mp3,[151.99908088]
Axel F.mp3,[135.99917763]
Ay Vamos.mp3,[86.1328125]
Ayang.mp3,[117.45383523]
Aye (feat. Travis Scott).mp3,[112.34714674]
Aynen.mp3,[151.99908088]
Ayy Macarena.mp3,[95.703125]
Azul.mp3,[123.046875]
B.O.T.A. (Baddest Of Them All) - Edit.mp3,[135.99917763]
Baarish Ban Jaana.mp3,[161.49902344]
Baarish Ki Jaaye.mp3,[161.49902344]
Baarish.mp3,[161.49902344]
Baby (Lil Baby feat. DaBaby).mp3,[107.66601562]
Baby Calm Down.mp3,[129.19921875]
Baby Car.mp3,[112.34714674]
Baby Don't Hurt Me.mp3,[129.19921875]
BABY HELLO.mp3,[129.19921875]
Baby Me Atende.mp3,[103.359375]
BABY NUEVA.mp3,[117.45383523]
BABY OTAKU.mp3,[103.359375]
Baby Shark.mp3,[112.34714674]
Baby You Are.mp3,[107.66601562]
Bachke Bachke (feat. Yarah).mp3,[89.10290948]
Bachpan Ka Pyaar.mp3,[161.49902344]
Back for More (with Anitta).mp3,[117.45383523]
Back That Azz Up.mp3,[95.703125]
Back Then Right Now.mp3,[129.19921875]
BACK TO ME.mp3,[95.703125]
Bad (feat. Vassy) - Radio Edit.mp3,[129.19921875]
Bad and Boujee (feat. Lil Uzi Vert).mp3,[129.19921875]
Bad At Love.mp3,[117.45383523]
Bad Boy (with Young Thug).mp3,[161.49902344]
Bad boy.mp3,[129.19921875]
Bad Decisions (with BTS & Snoop Dogg).mp3,[123.046875]
Bad Feeling (Oompa Loompa).mp3,[95.703125]
bad guy.mp3,[135.99917763]
Bad Habit.mp3,[83.35433468]
Bad Habits.mp3,[129.19921875]
Bad Romance.mp3,[117.45383523]
Bad Things (with Camila Cabello).mp3,[135.99917763]
bad.mp3,[135.99917763]
Badass.mp3,[92.28515625]
"Baddadan (feat. IRAH, Flowdan, Trigga & Takura).mp3",[117.45383523]
Baddest.mp3,[89.10290948]
Baddie.mp3,[161.49902344]
Baddies.mp3,[135.99917763]
BADGYAL.mp3,[129.19921875]
Bado Badi Bado Badi 1.mp3,[95.703125]
"Baguettes in the Face (feat. NAV, Playboi Carti & A Boogie Wit da Hoodie).mp3",[99.38401442]
Baila Baila Baila - Remix.mp3,[135.99917763]
Baila Conmigo (feat. Kelly Ruiz).mp3,[129.19921875]
BAIXO.mp3,[89.10290948]
Bakkal Amca.mp3,[83.35433468]
Baklava.mp3,[99.38401442]
Balanco da Rede.mp3,[143.5546875]
Ball If I Want To.mp3,[143.5546875]
Baller.mp3,[184.5703125]
Bam Yang Gang.mp3,[89.10290948]
Bamba (feat. Aitch & BIA).mp3,[92.28515625]
BAND4BAND (feat. Lil Baby).mp3,[92.28515625]
Bandana.mp3,[103.359375]
Bandit (with YoungBoy Never Broke Again).mp3,[89.10290948]
Bang Bang.mp3,[151.99908088]
Bang!.mp3,[135.99917763]
Bangarang (feat. Sirah).mp3,[143.5546875]
Banking On Me.mp3,[89.10290948]
BANZAI!.mp3,[151.99908088]
Bar.mp3,[92.28515625]
Barbie World (with Aqua) [From Barbie The Album].mp3,[71.77734375]
BARBIEZ.mp3,[117.45383523]
Barely Breathing.mp3,[135.99917763]
Barking.mp3,[135.99917763]
bathroom floor.mp3,[123.046875]
BBY BOO - REMIX.mp3,[172.265625]
Be Kind (with Halsey).mp3,[95.703125]
Be Like That - feat. Swae Lee & Khalid.mp3,[86.1328125]
Be My Lover (feat. La Bouche) - 2023 Mix.mp3,[123.046875]
Be The One.mp3,[135.99917763]
Beat Automotivo Tan Tan Tan Viral.mp3,[86.1328125]
Beat the Odds.mp3,[92.28515625]
Beautiful Crazy.mp3,[103.359375]
Beautiful Girl.mp3,[69.83741554]
Beautiful Girls.mp3,[129.19921875]
Beautiful People (feat. Khalid).mp3,[92.28515625]
Beautiful Things.mp3,[143.5546875]
Beautiful.mp3,[99.38401442]
Beauty And A Beat.mp3,[129.19921875]
Bebe Dame.mp3,[151.99908088]
Bebe.mp3,[172.265625]
BEBECITA.mp3,[135.99917763]
Bebefinn Song.mp3,[129.19921875]
Becane - A COLORS SHOW.mp3,[123.046875]
BED.mp3,[61.5234375]
Been Like This.mp3,[60.09265988]
Beer Never Broke My Heart.mp3,[151.99908088]
Before You Go.mp3,[112.34714674]
Before You Leave Me.mp3,[123.046875]
Beggin'.mp3,[99.38401442]
Bejeweled.mp3,[161.49902344]
Bel Bont El3areedh.mp3,[143.5546875]
Bel Mercy.mp3,[129.19921875]
Believer.mp3,[123.046875]
Bella y Sensual.mp3,[89.10290948]
BellaBella.mp3,[99.38401442]
BELLAKEO.mp3,[89.10290948]
Bellaquita - Remix.mp3,[161.49902344]
Belly Dancer.mp3,[123.046875]
bellyache.mp3,[135.99917763]
Belong Together.mp3,[92.28515625]
Benjamins Deli.mp3,[161.49902344]
Bent.mp3,[123.046875]
Bertahan Terluka.mp3,[80.74951172]
Bertaraf.mp3,[135.99917763]
"BESAME (feat. Tiago PZK, Khea & Neo Pistea) - Remix.mp3",[129.19921875]
Besharam Rang.mp3,[117.45383523]
Besito.mp3,[95.703125]
Beso (Fruta Fresca).mp3,[123.046875]
BESO.mp3,[184.5703125]
Besos Moja2.mp3,[92.28515625]
Best Day Of My Life.mp3,[99.38401442]
Best For Me.mp3,[151.99908088]
Best Friend (feat. Doja Cat).mp3,[184.5703125]
BEST ON EARTH (feat. BIA) - Bonus.mp3,[184.5703125]
Best Part (feat. H.E.R.).mp3,[143.5546875]
Best Time.mp3,[92.28515625]
Better Days (feat. Polo G).mp3,[112.34714674]
Better Now.mp3,[143.5546875]
Better Place (From TROLLS Band Together).mp3,[99.38401442]
Better Things.mp3,[151.99908088]
Better Together.mp3,[143.5546875]
Better.mp3,[99.38401442]
Betty (Get Money).mp3,[103.359375]
Bezos I.mp3,[117.45383523]
Bhai Tera Gunda.mp3,[135.99917763]
Bhauji Lenge Lenge.mp3,[129.19921875]
Bi' Tek Ben Anlarım.mp3,[95.703125]
BICHOTA.mp3,[83.35433468]
Bidi Bidi Bom Bom.mp3,[89.10290948]
"BIG BANK (feat. 2 Chainz, Big Sean, Nicki Minaj).mp3",[103.359375]
Big City Life.mp3,[172.265625]
Big Energy.mp3,[107.66601562]
Big Gangsta.mp3,[95.703125]
Big Jet Plane.mp3,[143.5546875]
bigger then everything.mp3,[99.38401442]
Bijlee Bijlee.mp3,[99.38401442]
Billete Grande (En Vivo).mp3,[198.76802885]
BILLIE EILISH..mp3,[99.38401442]
Bipolar.mp3,[123.046875]
Birds In The Sky.mp3,[123.046875]
BIRDS OF A FEATHER.mp3,[103.359375]
Birthday Sex.mp3,[123.046875]
Bitch Let's Do It.mp3,[112.34714674]
Bite Me.mp3,[103.359375]
BITTERSUITE.mp3,[75.99954044]
BIZCOCHITO.mp3,[117.45383523]
Black and Yellow.mp3,[161.49902344]
Black Beatles.mp3,[95.703125]
Black Friday.mp3,[83.35433468]
Black Magic.mp3,[112.34714674]
Black Summer.mp3,[103.359375]
Blame (feat. John Newman).mp3,[172.265625]
Blank Space.mp3,[95.703125]
BLAQ ON BLAQ (feat. Luciano).mp3,[71.77734375]
BLEED.mp3,[86.1328125]
Blicky.mp3,[151.99908088]
Blinding Lights - Instrumental.mp3,[86.1328125]
Blinding Lights.mp3,[86.1328125]
Bling Bling.mp3,[99.38401442]
Bling-Bang-Bang-Born.mp3,[103.359375]
Blood Sweat & Tears.mp3,[92.28515625]
BLUE.mp3,[103.359375]
Blueberry Faygo.mp3,[99.38401442]
Bm.mp3,[92.28515625]
BOA.mp3,[143.5546875]
Bodak Black.mp3,[117.45383523]
Bodak Yellow.mp3,[123.046875]
Body (feat. Cash Cobain).mp3,[103.359375]
"Body (Remix) [feat. ArrDee, E1 (3x3), ZT (3x3), Bugzy Malone, Buni, Fivio Foreign & Darkoo].mp3",[71.77734375]
Body Like A Back Road.mp3,[99.38401442]
Body Moving.mp3,[129.19921875]
Body.mp3,[71.77734375]
BODYGUARD.mp3,[117.45383523]
Bohemian Rhapsody - Remastered 2011.mp3,[143.5546875]
Bolide allemand.mp3,[66.25600962]
Bom Diggy.mp3,[103.359375]
Bombonzinho - Ao Vivo.mp3,[161.49902344]
Bon Appetit.mp3,[143.5546875]
BON.mp3,[117.45383523]
Bondade de Deus.mp3,[92.28515625]
Bones.mp3,[117.45383523]
Bongos (feat. Megan Thee Stallion).mp3,[123.046875]
BOO!SHUT.mp3,[143.5546875]
Boo'd Up.mp3,[107.66601562]
Boogieman.mp3,[151.99908088]
BOOKER T.mp3,[112.34714674]
BOP.mp3,[129.19921875]
Borderline.mp3,[99.38401442]
Bori.mp3,[80.74951172]
Borro Cassette.mp3,[117.45383523]
Boss Bitch.mp3,[123.046875]
Botella Tras Botella.mp3,[107.66601562]
Both Sides Now.mp3,[95.703125]
Boucan (feat. Franglish).mp3,[129.19921875]
Bounce Back.mp3,[161.49902344]
Bounce When She Walk.mp3,[143.5546875]
BOUNCY (K-HOT CHILLI PEPPERS).mp3,[151.99908088]
Bound 2.mp3,[151.99908088]
Boy With Luv (feat. Halsey).mp3,[80.74951172]
Boy's a liar Pt. 2.mp3,[129.19921875]
boyfriend (with Social House).mp3,[95.703125]
Boyfriend.mp3,[48.75442217]
Boys.mp3,[143.5546875]
Boyz Don't Cry.mp3,[151.99908088]
Boyz In Paris (with VINAI).mp3,[151.99908088]
Braten.mp3,[135.99917763]
BRAZILIAN DANCA PHONK.mp3,[129.19921875]
bread & butter.mp3,[86.1328125]
Break Free.mp3,[129.19921875]
Break My Heart.mp3,[112.34714674]
BREAK MY SOUL.mp3,[117.45383523]
"break up with your girlfriend, i'm bored.mp3",[172.265625]
Breakeven.mp3,[184.5703125]
Breakfast Challenge Song (Slowly).mp3,[135.99917763]
Breaking Me.mp3,[123.046875]
Breaking the Habit.mp3,[99.38401442]
Breathe.mp3,[117.45383523]
breathin.mp3,[198.76802885]
Brickell.mp3,[184.5703125]
Brillarosa.mp3,[123.046875]
Bring It On Home to Me.mp3,[71.77734375]
Broadway Girls (feat. Morgan Wallen).mp3,[151.99908088]
Broccoli.mp3,[143.5546875]
BRODYAGA FUNK.mp3,[89.10290948]
Broke Boys.mp3,[117.45383523]
Broke In A Minute.mp3,[123.046875]
Brown Munde.mp3,[99.38401442]
brutal.mp3,[123.046875]
Bubalu.mp3,[143.5546875]
Bubble Gum.mp3,[103.359375]
Budapest.mp3,[129.19921875]
Buenas.mp3,[172.265625]
Buga (Lo Lo Lo).mp3,[117.45383523]
Build a Bitch.mp3,[103.359375]
Building Blocks.mp3,[75.99954044]
Bulletproof.mp3,[161.49902344]
Bura Na Mano Holi Hai.mp3,[66.25600962]
Burn Burn Burn.mp3,[184.5703125]
Burn It Down.mp3,[161.49902344]
Burn.mp3,[117.45383523]
bury a friend.mp3,[123.046875]
Bus 11 - John Falke Remix.mp3,[161.49902344]
Business (feat. Naza).mp3,[86.1328125]
Buss It.mp3,[107.66601562]
BUSSIN (with Rob49).mp3,[172.265625]
But Daddy I Love Him.mp3,[161.49902344]
But I Got A Beer In My Hand.mp3,[103.359375]
Butakera.mp3,[89.10290948]
Butter Pecan - Bonus Track.mp3,[129.19921875]
Butter-Fly (From _Digimon Adventure_).mp3,[172.265625]
Butter.mp3,[107.66601562]
BUTTERFLY EFFECT.mp3,[92.28515625]
Buy Dirt.mp3,[117.45383523]
By Your Side.mp3,[103.359375]
bye.mp3,[107.66601562]
Cab In A Solo.mp3,[99.38401442]
cade clair).mp3,[123.046875]
CAIRO.mp3,[117.45383523]
Cake By The Ocean - Cover.mp3,[117.45383523]
Cake By The Ocean.mp3,[117.45383523]
CAKE.mp3,[103.359375]
Calidad.mp3,[135.99917763]
California Breeze.mp3,[107.66601562]
California Gurls.mp3,[123.046875]
Californication.mp3,[95.703125]
Call It Love.mp3,[112.34714674]
Call Me Every Day (feat. Wizkid).mp3,[172.265625]
Call Me Maybe.mp3,[117.45383523]
Call Out My Name.mp3,[123.046875]
Call Your Friends.mp3,[112.34714674]
Callaita.mp3,[112.34714674]
"Calling (Spider-Man_ Across the Spider-Verse) (Metro Boomin & Swae Lee, NAV, feat. A Boogie Wit da Hoodie).mp3",[135.99917763]
Calling For You (feat. 21 Savage).mp3,[75.99954044]
Calling My Phone.mp3,[103.359375]
Calling My Spirit.mp3,[117.45383523]
Calm Down.mp3,[143.5546875]
Calma - Remix.mp3,[83.35433468]
CALOR.mp3,[135.99917763]
Cama Repetida.mp3,[123.046875]
Camelot.mp3,[172.265625]
Can't Feel My Face.mp3,[143.5546875]
Can't Get Enough.mp3,[99.38401442]
Can't Have Mine (Find You A Girl).mp3,[95.703125]
Can't Hold Us (feat. Ray Dalton).mp3,[143.5546875]
Can't Remember to Forget You (feat. Rihanna).mp3,[135.99917763]
CAN'T SAY.mp3,[151.99908088]
CAN'T STOP THE FEELING! (from DreamWorks Animation's _TROLLS_).mp3,[112.34714674]
Can't Tame Her.mp3,[92.28515625]
Candy.mp3,[123.046875]
Can’t Catch Me Now - from The Hunger Games_ The Ballad of Songbirds & Snakes.mp3,[143.5546875]
Captain Hook.mp3,[161.49902344]
Car Keys (Ayla).mp3,[123.046875]
Car's Outside.mp3,[99.38401442]
Caramelo - Remix.mp3,[172.265625]
Caramelo.mp3,[161.49902344]
cardigan.mp3,[129.19921875]
CARNAL.mp3,[135.99917763]
CARNIVAL.mp3,[129.19921875]
"Carolina, Carol Bela.mp3",[161.49902344]
Caroline.mp3,[117.45383523]
Carry You Home.mp3,[107.66601562]
Carrying Your Love.mp3,[135.99917763]
carta aberta.mp3,[80.74951172]
Casa Mia.mp3,[117.45383523]
Casanova.mp3,[172.265625]
Casca de Bala.mp3,[135.99917763]
CASE 143.mp3,[99.38401442]
Case.mp3,[151.99908088]
Casei Com a Putaria.mp3,[161.49902344]
Cash In Cash Out.mp3,[117.45383523]
Casi Completa.mp3,[129.19921875]
Casper.mp3,[135.99917763]
Cat Dance.mp3,[123.046875]
CCC - Remix.mp3,[99.38401442]
CCC.mp3,[99.38401442]
ceilings.mp3,[99.38401442]
Centuries.mp3,[184.5703125]
Ceux qu'on etait.mp3,[129.19921875]
Ch y la Pizza.mp3,[99.38401442]
Cha Cha Cha.mp3,[123.046875]
Chained To The Rhythm.mp3,[95.703125]
Chakalitos.mp3,[95.703125]
Cham Cham.mp3,[60.09265988]
Chamber Of Reflection.mp3,[129.19921875]
Chamkeela Angeelesi (From _Dasara_).mp3,[95.703125]
Champagne Poetry.mp3,[95.703125]
Chana Tera Shukriya.mp3,[172.265625]
Chandelier.mp3,[117.45383523]
CHANEL.mp3,[129.19921875]
changes.mp3,[135.99917763]
Chantaje (feat. Maluma).mp3,[135.99917763]
Charm.mp3,[95.703125]
Chase It (Mmm Da Da Da).mp3,[89.10290948]
Chasin' You.mp3,[95.703125]
Chasing After You (with Maren Morris).mp3,[129.19921875]
Chasing Game.mp3,[123.046875]
Chasing That Feeling.mp3,[143.5546875]
Chatak Matak.mp3,[198.76802885]
Cheap Thrills (feat. Sean Paul).mp3,[89.10290948]
Cheat On Me (feat. Dave).mp3,[99.38401442]
Check It Out.mp3,[95.703125]
Cheerleader (Felix Jaehn Remix) - Radio Edit.mp3,[117.45383523]
Chegou a Hora de Ir Para Cama.mp3,[86.1328125]
Chemical.mp3,[172.265625]
Cheques.mp3,[89.10290948]
Chic Chick.mp3,[107.66601562]
Chica Ideal.mp3,[95.703125]
Chicago Freestyle (feat. Giveon).mp3,[123.046875]
Chichiquetere.mp3,[60.09265988]
CHIHIRO.mp3,[112.34714674]
Chiky Boom.mp3,[107.66601562]
Chill Bill (feat. J. Davi$ & Spooks).mp3,[107.66601562]
Chill Vibes.mp3,[86.1328125]
Chillax (feat. Ky-Mani Marley).mp3,[92.28515625]
China.mp3,[143.5546875]
Chlorine.mp3,[89.10290948]
Choli Ke Peeche (From _Crew_).mp3,[135.99917763]
Chorei na Vaquejada.mp3,[103.359375]
CHORRITO PA LAS ANIMAS.mp3,[95.703125]
Chosen (feat. Ty Dolla $ign).mp3,[95.703125]
Christmas Love.mp3,[99.38401442]
Chulo pt.2.mp3,[95.703125]
Churchill Downs (feat. Drake).mp3,[99.38401442]
Chyba ze z Toba.mp3,[64.59960938]
Cigarettes.mp3,[161.49902344]
Circles.mp3,[117.45383523]
Circo Loco.mp3,[103.359375]
CIRCUS MAXIMUS (feat. The Weeknd & Swae Lee).mp3,[123.046875]
City Boys.mp3,[99.38401442]
Clap For 'Em (feat. Flo Milli & Sada Baby).mp3,[129.19921875]
Clara Bow.mp3,[103.359375]
Clash (feat. Stormzy).mp3,[69.83741554]
Classic.mp3,[103.359375]
CLASSY 101.mp3,[95.703125]
Close Eyes.mp3,[129.19921875]
Close Friends (Lil Baby & Gunna).mp3,[161.49902344]
Close To You.mp3,[123.046875]
Closer.mp3,[95.703125]
Clouded.mp3,[117.45383523]
Clouds.mp3,[129.19921875]
Clout (feat. Cardi B).mp3,[135.99917763]
Coal.mp3,[123.046875]
Coca Cola.mp3,[135.99917763]
Cochinae.mp3,[198.76802885]
Coco Chanel.mp3,[143.5546875]
Coco Cola.mp3,[112.34714674]
COCO LOCO.mp3,[112.34714674]
Cold Heart - PNAU Remix.mp3,[117.45383523]
Collide (feat. Tyga).mp3,[143.5546875]
Columbia.mp3,[99.38401442]
Come & Get It.mp3,[80.74951172]
Come & Go (with Marshmello).mp3,[143.5546875]
Come and Say - Original Mix.mp3,[129.19921875]
Come and See Me (feat. Drake).mp3,[86.1328125]
Come back to me.mp3,[73.828125]
Come See Me.mp3,[161.49902344]
Come Through (feat. Chris Brown).mp3,[135.99917763]
COME UN TUONO (feat. Gue).mp3,[143.5546875]
comethru.mp3,[184.5703125]
Coming for You (feat. A1 x J1).mp3,[69.83741554]
Commando.mp3,[103.359375]
Commas.mp3,[135.99917763]
Como En Los Viejos Tiempos.mp3,[161.49902344]
Como Se Siente.mp3,[92.28515625]
como si no importara.mp3,[184.5703125]
Company.mp3,[135.99917763]
Con Altura.mp3,[129.19921875]
Con Calma.mp3,[184.5703125]
Con La Brisa.mp3,[112.34714674]
CONTIGO (with Tiesto).mp3,[123.046875]
Cool With You.mp3,[89.10290948]
Corrido de Juan Armenta - Remasterizado.mp3,[123.046875]
Cosas De La Vida.mp3,[86.1328125]
COULD BE WRONG.mp3,[86.1328125]
Count Me Out.mp3,[172.265625]
Country Girl (Shake It For Me).mp3,[107.66601562]
Cover Me In Sunshine.mp3,[80.74951172]
Cover Me Up.mp3,[129.19921875]
Crazy Form.mp3,[117.45383523]
Crazy What Love Can Do.mp3,[123.046875]
Creatures in Heaven.mp3,[161.49902344]
Creeper Star.mp3,[112.34714674]
Creepin' (with The Weeknd & 21 Savage).mp3,[99.38401442]
Crocodile Tearz.mp3,[172.265625]
Cry No More (feat. Stormzy & Tay Keith).mp3,[151.99908088]
Cry.mp3,[89.10290948]
Cuaderno.mp3,[112.34714674]
CUAL ES ESA.mp3,[95.703125]
Cuando Nadie Ve.mp3,[129.19921875]
Cuando Te Bese.mp3,[99.38401442]
Cupid Twin Ver. - Sped Up.mp3,[143.5546875]
CUTE DEPRESSED.mp3,[151.99908088]
CYBERTRUCK.mp3,[151.99908088]
Daddy Issues.mp3,[86.1328125]
Dah Dah DahDah.mp3,[161.49902344]
Daisy.mp3,[123.046875]
Dale Don Dale.mp3,[161.49902344]
Damage Case.mp3,[161.49902344]
Dance Alone.mp3,[117.45383523]
DANCE CRIP.mp3,[107.66601562]
Dance Monkey.mp3,[99.38401442]
Dance The Night - From Barbie The Album.mp3,[112.34714674]
Dancing in My Room.mp3,[80.74951172]
Dancing On My Own.mp3,[112.34714674]
Dancing With Your Ghost.mp3,[75.99954044]
Dancin’ In The Country.mp3,[117.45383523]
Dandelions.mp3,[78.30255682]
Dangerous Woman.mp3,[135.99917763]
dangerous.mp3,[151.99908088]
Danza Kuduro.mp3,[103.359375]
DARBA 9ADIYA.mp3,[117.45383523]
Dark Matter.mp3,[103.359375]
Dark Red.mp3,[86.1328125]
Darkside.mp3,[86.1328125]
Daru Badnaam.mp3,[117.45383523]
DASH.mp3,[117.45383523]
Dawns (feat. Maggie Rogers).mp3,[161.49902344]
Daylight.mp3,[117.45383523]
Daytona.mp3,[129.19921875]
De Fresa y Coco.mp3,[117.45383523]
De Los Besos Que Te Di.mp3,[99.38401442]
DE LUNES A LUNES.mp3,[89.10290948]
Dear John.mp3,[107.66601562]
Debo Entender.mp3,[73.828125]
Deep Down (feat. Never Dull).mp3,[123.046875]
Deixa Eu Te Querer - Ao Vivo.mp3,[161.49902344]
Deixa.mp3,[135.99917763]
DEJA VU.mp3,[95.703125]
Delicate.mp3,[95.703125]
Delincuente.mp3,[99.38401442]
Dembow.mp3,[135.99917763]
Desconocidos.mp3,[86.1328125]
Desenrola Bate Joga de Ladin (feat. DJ Biel do Furduncinho).mp3,[129.19921875]
Despacito.mp3,[117.45383523]
Despeinada.mp3,[161.49902344]
Despues de la Playa.mp3,[151.99908088]
Destino o casualidad.mp3,[99.38401442]
Devil Doesn’t Bargain.mp3,[184.5703125]
Devil Eyes.mp3,[151.99908088]
DEVIL YOU KNOW.mp3,[92.28515625]
Dhani Ho Sab Dhan.mp3,[123.046875]
Dhaniya Ae Jaan.mp3,[89.10290948]
Diable.mp3,[123.046875]
Dial Drunk.mp3,[112.34714674]
Diamonds.mp3,[103.359375]
Diamondz n Roses.mp3,[135.99917763]
DICE AND ROLL.mp3,[117.45383523]
Dick (feat. Doja Cat).mp3,[63.02400915]
Did It Again.mp3,[151.99908088]
Did Me Wrong.mp3,[92.28515625]
Die A Happy Man.mp3,[161.49902344]
Die For You.mp3,[66.25600962]
Die Hard.mp3,[99.38401442]
die.mp3,[135.99917763]
Dientes.mp3,[117.45383523]
Dijeron Que No La Iba Lograr.mp3,[95.703125]
Dil Diyan Gallan.mp3,[103.359375]
Dil Galti Kar Baitha Hai.mp3,[123.046875]
Dil Meri Na Sune.mp3,[107.66601562]
Dilemma.mp3,[117.45383523]
Dime Como Quieres.mp3,[123.046875]
Diosa - Remix.mp3,[103.359375]
Dirt Cheap.mp3,[60.09265988]
Disaster.mp3,[117.45383523]
Diva Yorgun.mp3,[135.99917763]
DJ BIWIR BEUREUM-BEUREUM JAWER HAYAM PANO COKLAT KOPI SUSU - RUNTAH.mp3,[129.19921875]
Dj Dayak Full Beat Lagu Malihi Janji.mp3,[123.046875]
DJ Got Us Fallin' In Love (feat. Pitbull).mp3,[123.046875]
Djadja.mp3,[129.19921875]
DNA (Loving You) [feat. Hannah Boleyn].mp3,[95.703125]
DNA..mp3,[143.5546875]
DNA.mp3,[86.1328125]
DO IT AGAIN (feat. 2Rare).mp3,[161.49902344]
DO IT.mp3,[107.66601562]
Do Not Climb.mp3,[151.99908088]
DOGTOOTH.mp3,[151.99908088]
DOLLAZ ON MY HEAD (feat. Young Thug).mp3,[143.5546875]
Don't Call Me Up.mp3,[99.38401442]
Don't Give Up On Me.mp3,[151.99908088]
Don't Go Insane.mp3,[215.33203125]
Don't Go Yet.mp3,[112.34714674]
Don't Mind.mp3,[107.66601562]
Don't Start Now.mp3,[123.046875]
Don't Wanna Know.mp3,[198.76802885]
Don't You Worry Child.mp3,[129.19921875]
Dona Felicidade.mp3,[129.19921875]
Doomsday (with Juice WRLD & Cordae).mp3,[92.28515625]
Dos Besitos.mp3,[95.703125]
Dos Mil 16.mp3,[129.19921875]
Double Fantasy (with Future).mp3,[107.66601562]
double take.mp3,[107.66601562]
Down Bad.mp3,[161.49902344]
Down Below.mp3,[123.046875]
Down With Me.mp3,[112.34714674]
Drag Me Down.mp3,[135.99917763]
Drained of Color.mp3,[135.99917763]
Drama (feat. Drake).mp3,[61.5234375]
Drankin N Smokin.mp3,[151.99908088]
Dream Girl - Remix.mp3,[112.34714674]
Dream Girl.mp3,[172.265625]
Dreaming.mp3,[83.35433468]
Drippy.mp3,[151.99908088]
drivers license.mp3,[75.99954044]
Drowning.mp3,[129.19921875]
Drugs From Amsterdam.mp3,[123.046875]
Drums (Feat. Kim Petras).mp3,[129.19921875]
Drunk (And I Don't Wanna Go Home).mp3,[123.046875]
drunk text.mp3,[112.34714674]
DUELE EL CORAZON (feat. Wisin).mp3,[92.28515625]
"Duki_ Bzrp Music Sessions, Vol. 50.mp3",[143.5546875]
Dura.mp3,[95.703125]
Dusk Till Dawn (feat. Sia) - Radio Edit.mp3,[198.76802885]
Dynamite.mp3,[112.34714674]
Easy On Me.mp3,[143.5546875]
ECHOES_ Cala Boca Menino.mp3,[135.99917763]
Egwu.mp3,[117.45383523]
Eid.mp3,[172.265625]
El Amante.mp3,[89.10290948]
EL AMOR DE SU VIDA.mp3,[151.99908088]
El Avioncito.mp3,[99.38401442]
EL BARCO.mp3,[143.5546875]
El Belicon.mp3,[95.703125]
El Boss.mp3,[135.99917763]
El Efecto.mp3,[83.35433468]
El Envidioso.mp3,[151.99908088]
El Incomprendido.mp3,[129.19921875]
El Mejor.mp3,[107.66601562]
El Paso Del Gigante.mp3,[89.10290948]
El Patito Juan.mp3,[135.99917763]
El Perdon (with Enrique Iglesias).mp3,[89.10290948]
El Rescate.mp3,[99.38401442]
EL TONTO.mp3,[112.34714674]
El Toxico.mp3,[143.5546875]
El Tsurito.mp3,[117.45383523]
ELA PIROU NA DODGE RAM.mp3,[129.19921875]
Elastic Heart.mp3,[129.19921875]
ELEVEN.mp3,[117.45383523]
Elini Ver.mp3,[99.38401442]
Ella Baila Sola.mp3,[99.38401442]
Ella No Es Tuya - Remix.mp3,[95.703125]
Ella Quiere Beber - Remix.mp3,[129.19921875]
Embarrassed (feat. Travis Scott).mp3,[117.45383523]
emiliana.mp3,[49.69200721]
Emotionally Scarred.mp3,[172.265625]
EMPELOTICA.mp3,[184.5703125]
Empire State Of Mind.mp3,[86.1328125]
En El Radio Un Cochinero (Remix).mp3,[161.49902344]
En Tu Perra Vida.mp3,[151.99908088]
Encore.mp3,[107.66601562]
Engana Dizendo Que Ama.mp3,[112.34714674]
Enjoy.mp3,[117.45383523]
Enough.mp3,[143.5546875]
ENTRA NA DEFENDER.mp3,[129.19921875]
Entre las de 20.mp3,[135.99917763]
Entre Nosotros (Remix) [con Nicki Nicole].mp3,[172.265625]
Envy Me.mp3,[151.99908088]
Epidemic.mp3,[117.45383523]
ERE.mp3,[99.38401442]
Eres Mia.mp3,[123.046875]
Escapate Conmigo (feat. Ozuna).mp3,[123.046875]
Escapism. - Sped Up.mp3,[107.66601562]
Escapism..mp3,[95.703125]
Espresso.mp3,[103.359375]
Esta Vida.mp3,[123.046875]
eternal sunshine.mp3,[78.30255682]
euphoria.mp3,[83.35433468]
Evergreen (You Didn’t Deserve Me At All).mp3,[161.49902344]
Every Summertime.mp3,[161.49902344]
Everybody Dies In Their Nightmares.mp3,[129.19921875]
Everybody make some Tik Tok.mp3,[129.19921875]
Everybody Talks.mp3,[103.359375]
Everyday Hustle.mp3,[117.45383523]
Everything I Love.mp3,[103.359375]
EVIL EMPIRE (feat. DD Osama).mp3,[69.83741554]
Evoque Prata.mp3,[129.19921875]
EXCESOS.mp3,[129.19921875]
Exchange.mp3,[161.49902344]
Exclusive.mp3.mp3,[198.76802885]
exile (feat. Bon Iver).mp3,[161.49902344]
Eyes Closed.mp3,[107.66601562]
Eyvah Neye Yarar.mp3,[172.265625]
F Boy.mp3,[129.19921875]
F.N.F. (Let's Go).mp3,[161.49902344]
Facas - Ao Vivo.mp3,[161.49902344]
Face Off.mp3,[161.49902344]
FAKE LOVE.mp3,[103.359375]
Fall In Love Alone.mp3,[86.1328125]
Falling Angel.mp3,[123.046875]
Falling.mp3,[112.34714674]
Family Matters.mp3,[161.49902344]
Famous Hoes.mp3,[161.49902344]
FANCY.mp3,[129.19921875]
Far Away.mp3,[135.99917763]
Fast Car.mp3,[99.38401442]
Fast Forward.mp3,[123.046875]
fast.mp3,[99.38401442]
Faucet Failure.mp3,[99.38401442]
favorite crime.mp3,[89.10290948]
Favorito.mp3,[123.046875]
FBI.mp3,[107.66601562]
FE!N (feat. Playboi Carti).mp3,[143.5546875]
FEARLESS.mp3,[103.359375]
Feather.mp3,[123.046875]
Fed Up.mp3,[117.45383523]
Feel Good Inc..mp3,[92.28515625]
Feel It Still.mp3,[78.30255682]
Feel This Moment (feat. Christina Aguilera).mp3,[135.99917763]
FEEL.mp3,[112.34714674]
Feelings.mp3,[103.359375]
"Feels (feat. Pharrell Williams, Katy Perry & Big Sean).mp3",[99.38401442]
Felina.mp3,[112.34714674]
FERXXO 151.mp3,[112.34714674]
Fever.mp3,[151.99908088]
Fight Song.mp3,[172.265625]
Fighting My Demons.mp3,[143.5546875]
Filhaal2 Mohabbat.mp3,[172.265625]
Filhall.mp3,[161.49902344]
Finesse.mp3,[103.359375]
Fingers Crossed.mp3,[112.34714674]
Fire On Fire.mp3,[112.34714674]
Firestone.mp3,[112.34714674]
Firework.mp3,[123.046875]
First Class.mp3,[107.66601562]
First Person Shooter (feat. J. Cole).mp3,[123.046875]
Fisherrr - Remix.mp3,[123.046875]
Flashback.mp3,[89.10290948]
Fli.mp3,[107.66601562]
Flooded The Face.mp3,[129.19921875]
FLOWER.mp3,[123.046875]
Flowers.mp3,[117.45383523]
Fluxxwave.mp3,[151.99908088]
Focus.mp3,[99.38401442]
Follow You.mp3,[129.19921875]
For the Last Time.mp3,[143.5546875]
Forever (feat. Fridayy).mp3,[161.49902344]
Forever.mp3,[161.49902344]
Forget About Us.mp3,[92.28515625]
Fortnight (feat. Post Malone).mp3,[95.703125]
Fotos Y Recuerdos.mp3,[184.5703125]
Fouji Fojan 2 Lofi (feat. Aamin Barodi & Sapna Choudhary).mp3,[103.359375]
Freak (feat. REI AMI).mp3,[184.5703125]
FREAK.mp3,[117.45383523]
Freaky Deaky.mp3,[103.359375]
Freaky Friday (feat. Chris Brown).mp3,[135.99917763]
Free Mind.mp3,[63.02400915]
Freestyle.mp3,[117.45383523]
Freezing.mp3,[129.19921875]
Fresh Out The Slammer.mp3,[184.5703125]
Friend of a Friend.mp3,[107.66601562]
Friendly Fire.mp3,[123.046875]
FRIENDS.mp3,[95.703125]
From the Start.mp3,[92.28515625]
Fruto.mp3,[107.66601562]
Fuck Niggaz.mp3,[161.49902344]
Fuentes de Ortiz.mp3,[107.66601562]
fukumean.mp3,[129.19921875]
FULANITO.mp3,[112.34714674]
FUNK ESTRANHO - SLOWED.mp3,[117.45383523]
Funny Dogs.mp3,[112.34714674]
Funny Song.mp3,[161.49902344]
Future Shining Bright.mp3,[129.19921875]
Gali Gali (From _Kgf Chapter 1_).mp3,[83.35433468]
GALOPA.mp3,[99.38401442]
Galway Girl.mp3,[99.38401442]
Gangsta's Paradise.mp3,[80.74951172]
Garmi (From _Street Dancer 3D_) (feat. Varun Dhawan).mp3,[143.5546875]
Gas Pedal.mp3,[95.703125]
Gata Only (Remix).mp3,[198.76802885]
Gata Only.mp3,[99.38401442]
GATITAS SANDUNGUERAS - VOL.1.mp3,[95.703125]
Gato de Noche.mp3,[95.703125]
GATTI.mp3,[143.5546875]
"Genius (feat. Sia, Diplo, and Labrinth).mp3",[78.30255682]
Gentleman.mp3,[129.19921875]
Gently (feat. Bad Bunny).mp3,[69.83741554]
GENTO.mp3,[95.703125]
Geri Donemedim.mp3,[161.49902344]
Get A Guitar.mp3,[112.34714674]
Get Back.mp3,[143.5546875]
Get Involved.mp3,[99.38401442]
Get It Sexyy.mp3,[143.5546875]
Get Off The Wall.mp3,[143.5546875]
Get You (feat. Kali Uchis).mp3,[143.5546875]
Ghost Town.mp3,[172.265625]
GHOST!.mp3,[123.046875]
Giant (with Rag'n'Bone Man).mp3,[123.046875]
GigaChad Theme - Phonk House Version.mp3,[129.19921875]
Gimmie A Light.mp3,[103.359375]
Ginseng Strip 2002.mp3,[117.45383523]
Ginza.mp3,[103.359375]
GIRL LIKE ME.mp3,[123.046875]
Girl on Fire.mp3,[92.28515625]
girl$.mp3,[89.10290948]
Girl.mp3,[123.046875]
Girlfriend.mp3,[135.99917763]
Girls Need Love (with Drake) - Remix.mp3,[99.38401442]
Girls Never Die.mp3,[95.703125]
Gitana (feat. Bryartz).mp3,[143.5546875]
Give It To Me - Full Vocal Mix.mp3,[123.046875]
Give Me Everything (feat. Nayer).mp3,[129.19921875]
GIVENCHY.mp3,[135.99917763]
Glorious (feat. Skylar Grey).mp3,[135.99917763]
Go Back (feat. Julia Church).mp3,[135.99917763]
Go Fuck Yourself.mp3,[123.046875]
Goa Beach.mp3,[112.34714674]
God Damn.mp3,[92.28515625]
God is a woman.mp3,[99.38401442]
GOD'S COUNTRY.mp3,[75.99954044]
GODS.mp3,[73.828125]
golden hour.mp3,[95.703125]
Gone.mp3,[198.76802885]
good 4 u.mp3,[161.49902344]
Good Feeling.mp3,[129.19921875]
Good For You.mp3,[151.99908088]
Good Love.mp3,[92.28515625]
GOOD LOYAL THOTS.mp3,[143.5546875]
Good News.mp3,[172.265625]
GoodSin.mp3,[103.359375]
Goosebumps.mp3,[123.046875]
Got It On Me.mp3,[103.359375]
Got Me Started.mp3,[129.19921875]
Grace (feat. 42 Dugg).mp3,[123.046875]
greedy.mp3,[112.34714674]
Grenade.mp3,[112.34714674]
Grey.mp3,[184.5703125]
Guay.mp3,[95.703125]
GUCCI LOS PANOS.mp3,[161.49902344]
Gulabi Sharara.mp3,[123.046875]
Gyal You a Party Animal.mp3,[67.99958882]
Gypsy 2.mp3,[103.359375]
H.Y.B. (feat. Bas & Central Cee).mp3,[184.5703125]
Hackearam-me.mp3,[129.19921875]
Haja Colirio (feat. Hugo & Guilherme) - Ao Vivo.mp3,[103.359375]
hakuna matata.mp3,[135.99917763]
Halfway To Hell.mp3,[107.66601562]
Hallelujah.mp3,[198.76802885]
Halli Naatu.mp3,[161.49902344]
Halloween.mp3,[117.45383523]
Halls na Lingua.mp3,[123.046875]
Handle On You.mp3,[103.359375]
Hands up! - Slowed.mp3,[129.19921875]
Hang Tight Honey.mp3,[86.1328125]
Happier (feat. Clementine Douglas).mp3,[63.02400915]
Happier.mp3,[89.10290948]
Happiest Year.mp3,[123.046875]
Happy Birthday.mp3,[103.359375]
Happy Dance.mp3,[135.99917763]
HAPPY.mp3,[143.5546875]
Hari Hari Odhani.mp3,[123.046875]
Harmless Python.mp3,[95.703125]
Hasbi Rabbi.mp3,[123.046875]
HASTA ABAJO.mp3,[161.49902344]
Hasta el Amanecer.mp3,[92.28515625]
Hasta Que Dios Diga.mp3,[112.34714674]
Hate Me (with Juice WRLD).mp3,[99.38401442]
Hati-Hati di Jalan.mp3,[71.77734375]
Havana (feat. Young Thug).mp3,[52.734375]
Have Mercy.mp3,[135.99917763]
Hayloft II.mp3,[89.10290948]
He Dead.mp3,[73.828125]
HE KNOWS (feat. Lil Nas X).mp3,[123.046875]
Head Down.mp3,[123.046875]
Head Shoulders Knees & Toes (feat. Norma Jean Martine).mp3,[123.046875]
Headshot (feat. Polo G & Fivio Foreign).mp3,[117.45383523]
Heart Attack.mp3,[172.265625]
Heart Like A Truck.mp3,[143.5546875]
Heart On Ice.mp3,[78.30255682]
Heartbroken (feat. Jessie Murph & Polo G).mp3,[143.5546875]
Heartless (feat. Morgan Wallen).mp3,[112.34714674]
Heartless.mp3,[86.1328125]
Heat (feat. Gunna).mp3,[83.35433468]
Heat Waves.mp3,[107.66601562]
Heaven Takes You Home (feat. Connie Constance).mp3,[63.02400915]
Heaven.mp3,[92.28515625]
Heavy On My Heart.mp3,[129.19921875]
Heavy stunts (with Don Toliver).mp3,[95.703125]
Hecha Pa' Mi.mp3,[135.99917763]
Hell N Back.mp3,[103.359375]
Hello Koun.mp3,[71.77734375]
Here With Me.mp3,[99.38401442]
Here's Your Perfect.mp3,[112.34714674]
Here.mp3,[60.09265988]
Hey Brother.mp3,[129.19921875]
Hey Driver (feat. The War and Treaty).mp3,[151.99908088]
Hey Lil Mama.mp3,[143.5546875]
"Hey Mama (feat. Nicki Minaj, Bebe Rexha & Afrojack).mp3",[172.265625]
hey! hey!.mp3,[123.046875]
HIBIKI.mp3,[117.45383523]
High Rated Gabru.mp3,[123.046875]
High Road (feat. Jessie Murph).mp3,[143.5546875]
Higher Love.mp3,[103.359375]
Higher Power.mp3,[89.10290948]
Highs & Lows.mp3,[143.5546875]
Hijo Mio.mp3,[172.265625]
Him & I.mp3,[89.10290948]
HIND'S HALL.mp3,[184.5703125]
Hips Don't Lie (feat. Wyclef Jean).mp3,[99.38401442]
HISS.mp3,[107.66601562]
Ho Hey.mp3,[78.30255682]
Hola - Remix.mp3,[123.046875]
Hola Senorita.mp3,[129.19921875]
Hold Me While You Wait.mp3,[71.77734375]
Hold On.mp3,[123.046875]
HOLIDAY.mp3,[151.99908088]
Homicide (feat. Eminem).mp3,[143.5546875]
HONEY BEES.mp3,[123.046875]
Honey Boy (feat. Nile Rodgers & Shenseea).mp3,[117.45383523]
HOPE.mp3,[135.99917763]
Hot (feat. Gunna).mp3,[112.34714674]
Hotel.mp3,[89.10290948]
hotline (edit).mp3,[112.34714674]
Hotline Bling.mp3,[135.99917763]
Houdini.mp3,[117.45383523]
How To Fly.mp3,[117.45383523]
How You Feel (ft Leven Kali).mp3,[129.19921875]
Hoy.mp3,[89.10290948]
HP.mp3,[123.046875]
Hukum - Thalaivar Alappara - Tamil (From _Jailer_).mp3,[99.38401442]
HUMO.mp3,[117.45383523]
Humpty Dumpty.mp3,[78.30255682]
Hurricane.mp3,[107.66601562]
HVN ON EARTH (with Kodak Black).mp3,[129.19921875]
HYAENA.mp3,[129.19921875]
I Ain't Worried.mp3,[92.28515625]
I Am Not Okay.mp3,[151.99908088]
i am not who i was.mp3,[64.59960938]
I AM WOMAN.mp3,[86.1328125]
I Am Your Gummy Bear (The Gummy Bear Song).mp3,[129.19921875]
I Can Do It With a Broken Heart.mp3,[129.19921875]
I Can Feel It.mp3,[117.45383523]
I Can See You (Taylor’s Version) (From The Vault).mp3,[123.046875]
I CAN'T STOP ME.mp3,[151.99908088]
I Don't Fuck With You.mp3,[99.38401442]
I Don't Wanna Wait.mp3,[129.19921875]
I Got Love.mp3,[143.5546875]
I Gotta Feeling.mp3,[129.19921875]
I Had Some Help (Feat. Morgan Wallen).mp3,[129.19921875]
"i hate u, i love u (feat. olivia o'brien).mp3",[112.34714674]
I Hope.mp3,[151.99908088]
I Know.mp3,[89.10290948]
I Like It.mp3,[135.99917763]
i like the way you kiss me.mp3,[151.99908088]
I Like You (A Happier Song) (with Doja Cat).mp3,[99.38401442]
I Love It (& Lil Pump).mp3,[103.359375]
I Love Mama Mantu.mp3,[117.45383523]
I Love You So.mp3,[75.99954044]
I love you.mp3,[103.359375]
I Remember Everything (feat. Kacey Musgraves).mp3,[103.359375]
I Smoked Away My Brain (I'm God x Demons Mashup) (feat. Imogen Heap & Clams Casino).mp3,[95.703125]
"I spoke to the devil in miami, he said everything would be fine.mp3",[151.99908088]
I THOUGHT YOU WANTED TO DANCE (feat. Brent Faiyaz & Fana Hues).mp3,[143.5546875]
I Took A Pill In Ibiza - Seeb Remix.mp3,[103.359375]
I Wanna Be Yours.mp3,[67.99958882]
I Was Never There.mp3,[56.17357337]
I Wrote The Book.mp3,[143.5546875]
I'll Be There.mp3,[129.19921875]
I'll Be Waiting.mp3,[78.30255682]
I'm a Mess.mp3,[99.38401442]
I'm an Albatraoz.mp3,[129.19921875]
I'm Geekin.mp3,[112.34714674]
I'm Good (Blue).mp3,[129.19921875]
I'm Not The Only One.mp3,[83.35433468]
"I'm the One (feat. Justin Bieber, Quavo, Chance the Rapper & Lil Wayne).mp3",[80.74951172]
I'm Yours.mp3,[151.99908088]
icantbelieveiletyougetaway.mp3,[123.046875]
Ice Attack.mp3,[143.5546875]
ICU.mp3,[123.046875]
IDGAF (feat. Chris Brown and Mariah the Scientist).mp3,[129.19921875]
IDGAF (feat. Yeat).mp3,[86.1328125]
IDGAF.mp3,[112.34714674]
idontwannabeyouanymore.mp3,[161.49902344]
If I Can't Have You.mp3,[123.046875]
If I Didn’t Love You.mp3,[92.28515625]
if looks could kill.mp3,[129.19921875]
If the World Was Ending (feat. Julia Michaels).mp3,[151.99908088]
If We Ever Broke Up.mp3,[117.45383523]
If You're Happy And You Know It.mp3,[123.046875]
Ignite.mp3,[89.10290948]
Ignorantes.mp3,[184.5703125]
Igualito a Mi Apa.mp3,[143.5546875]
Iko Iko (My Bestie).mp3,[143.5546875]
Illegal Weapon.mp3,[123.046875]
IMAN (Two Of Us).mp3,[107.66601562]
imgonnagetyouback.mp3,[112.34714674]
Imitadora.mp3,[123.046875]
Impossible.mp3,[129.19921875]
In Case You Didn't Know.mp3,[151.99908088]
In Da Club.mp3,[89.10290948]
In My Head.mp3,[71.77734375]
In the End.mp3,[103.359375]
In This Darkness.mp3,[123.046875]
In Your Eyes.mp3,[99.38401442]
INDUSTRY BABY (feat. Jack Harlow).mp3,[151.99908088]
INFERNO.mp3,[129.19921875]
Inolvidable.mp3,[143.5546875]
Inspiring Thunderstorms with Relaxing Music.mp3,[135.99917763]
Into Your Arms (feat. Ava Max).mp3,[161.49902344]
intro (end of the world).mp3,[107.66601562]
Is It Love.mp3,[161.49902344]
Ishq Jaisa Kuch (From _Fighter_).mp3,[143.5546875]
It Ain’t Me (with Selena Gomez).mp3,[117.45383523]
IT GIRL.mp3,[83.35433468]
It'll Be Okay.mp3,[135.99917763]
It's A Wrap.mp3,[151.99908088]
IT'S GETTING HOT.mp3,[107.66601562]
It's Not Right But It's Okay.mp3,[129.19921875]
It's Plenty.mp3,[107.66601562]
It's That Time - FISHER Remix.mp3,[129.19921875]
JACKIE BROWN.mp3,[135.99917763]
Jackie Chan.mp3,[129.19921875]
Jai Jai Shivshankar (From _War_).mp3,[129.19921875]
Jaldi Chhoda Ghare Bullet Se.mp3,[117.45383523]
"Jaragandi, Ver. 2.mp3",[184.5703125]
Je M'appelle.mp3,[143.5546875]
Jealous.mp3,[92.28515625]
JEALOUSY (feat. Cardi B).mp3,[135.99917763]
Jedag Jedug Capcut 2024.mp3,[143.5546875]
Jimmy Cooks (feat. 21 Savage).mp3,[151.99908088]
Joga O Bum Bum Tam Tam.mp3,[129.19921875]
JOLENE.mp3,[107.66601562]
Joli bebe.mp3,[103.359375]
Jom ka du me t’pa.mp3,[95.703125]
Joy (In My Own Time) - Tribe Song.mp3,[89.10290948]
Juju on That Beat (TZ Anthem).mp3,[107.66601562]
July.mp3,[71.77734375]
Jumbotron Shit Poppin.mp3,[99.38401442]
Jumpman.mp3,[143.5546875]
Jungle.mp3,[143.5546875]
Just Give Me a Reason (feat. Nate Ruess).mp3,[198.76802885]
Just Pretend.mp3,[143.5546875]
Just the Way You Are.mp3,[107.66601562]
Just Wanna Rock.mp3,[117.45383523]
KABUKI.mp3,[172.265625]
Kaikai Kitan.mp3,[123.046875]
Kalaastar (From _Honey 3.0_).mp3,[95.703125]
Kalkatiya Raja.mp3,[117.45383523]
Karma.mp3,[89.10290948]
Kehribar.mp3,[103.359375]
Kernkraft 400 (A Better Day).mp3,[129.19921875]
Khairiyat.mp3,[83.35433468]
Khodni.mp3,[123.046875]
KICK BACK.mp3,[103.359375]
Kill Bill.mp3,[89.10290948]
Kill Em With Kindness.mp3,[60.09265988]
Killshot.mp3,[123.046875]
"King's Dead (with Kendrick Lamar, Future & James Blake).mp3",[161.49902344]
Kiss Me More (feat. SZA).mp3,[112.34714674]
Kiss Me.mp3,[117.45383523]
Kitchen Stove - Remix.mp3,[129.19921875]
Kitty.mp3,[99.38401442]
Koka.mp3,[172.265625]
Komet.mp3,[123.046875]
Kool-Aid.mp3,[151.99908088]
Krippy Kush.mp3,[161.49902344]
Kurchi Madathapetti (From _Guntur Kaaram_)(Telugu).mp3,[161.49902344]
Kusu Kusu (From _Satyameva Jayate 2_).mp3,[135.99917763]
Kya Hua.mp3,[103.359375]
L'ULTIMA POESIA (feat. Ultimo).mp3,[151.99908088]
La Bachata.mp3,[123.046875]
La Bebe - Remix.mp3,[161.49902344]
La Bicicleta.mp3,[123.046875]
La Corriente.mp3,[129.19921875]
La Diabla.mp3,[129.19921875]
La Familia Dedo de Cuquin.mp3,[123.046875]
La Florinata.mp3,[172.265625]
La Forma en Que Me Miras.mp3,[95.703125]
La Guerita.mp3,[123.046875]
La Intencion.mp3,[129.19921875]
La Jeepeta - Remix.mp3,[172.265625]
La Jeepeta.mp3,[172.265625]
La Llevo Al Cielo (Ft. Nengo Flow).mp3,[172.265625]
La Mama de la Mama.mp3,[129.19921875]
La Mejor Version de Mi - Remix.mp3,[129.19921875]
La Mordidita (feat. Yotuel).mp3,[143.5546875]
LA NENA.mp3,[172.265625]
la noia.mp3,[112.34714674]
La Nota.mp3,[184.5703125]
LA PEOPLE.mp3,[143.5546875]
La player (Bandolera).mp3,[95.703125]
La Romana.mp3,[129.19921875]
La Rompe Corazones.mp3,[89.10290948]
La Santa.mp3,[184.5703125]
La solution.mp3,[89.10290948]
La Toxica.mp3,[172.265625]
La Triple T.mp3,[92.28515625]
La Ultima Vez - Deluxe.mp3,[143.5546875]
La Vaca Lola.mp3,[161.49902344]
La Vida Sin Ti.mp3,[198.76802885]
Laad Piya Ke.mp3,[89.10290948]
Labios Mordidos (with KAROL G).mp3,[89.10290948]
Lace It (with Eminem & benny blanco).mp3,[80.74951172]
Lady Killers II.mp3,[135.99917763]
Lagdi Lahore Di (From _Street Dancer 3D_).mp3,[129.19921875]
Lahore.mp3,[95.703125]
LAISSE MOI.mp3,[161.49902344]
LALA.mp3,[92.28515625]
Lalala - Ilkan Gunuc Remix.mp3,[123.046875]
Lalala.mp3,[89.10290948]
LALALI.mp3,[117.45383523]
Landmines.mp3,[86.1328125]
LAS MORRAS.mp3,[135.99917763]
Last Friday Night (T.G.I.F.).mp3,[83.35433468]
Last Heartbreak Song (feat. Giveon).mp3,[184.5703125]
Last Night Lonely.mp3,[103.359375]
Last Night.mp3,[103.359375]
Last Time I Saw You.mp3,[129.19921875]
Latch.mp3,[123.046875]
late at night.mp3,[83.35433468]
Laung Laachi Title Track.mp3,[99.38401442]
Laxed – Siren Beat.mp3,[151.99908088]
LE VA DOLER.mp3,[143.5546875]
Leave a Light On.mp3,[99.38401442]
Leave Em Alone.mp3,[103.359375]
Leave Me Alone.mp3,[151.99908088]
Leave The Door Open.mp3,[151.99908088]
Left and Right - Sped Up Version.mp3,[112.34714674]
Leja Re.mp3,[99.38401442]
Leke Prabhu Ka Naam (From _Tiger 3_).mp3,[117.45383523]
Let Her Go.mp3,[143.5546875]
Let It Go.mp3,[143.5546875]
Let Me Love You.mp3,[184.5703125]
LET THE WORLD BURN.mp3,[135.99917763]
Let You Love Me.mp3,[129.19921875]
Let Your Boys Be Country.mp3,[89.10290948]
LET'S GET FKD UP.mp3,[107.66601562]
Let's Love.mp3,[92.28515625]
Levitating.mp3,[103.359375]
Ley Seca.mp3,[135.99917763]
Libaas.mp3,[161.49902344]
Lie.mp3,[123.046875]
Life Goes On.mp3,[161.49902344]
Life Is Good (feat. Drake).mp3,[80.74951172]
Life's A Mess (feat. Halsey).mp3,[143.5546875]
Light It Up (Remix).mp3,[107.66601562]
Lighter.mp3,[123.046875]
Like I Want You.mp3,[123.046875]
Like I'm Gonna Lose You (feat. John Legend).mp3,[71.77734375]
Like That.mp3,[107.66601562]
Like What (Freestyle).mp3,[117.45383523]
Lil Bit.mp3,[117.45383523]
Lil Boo Thang.mp3,[112.34714674]
Limbo.mp3,[151.99908088]
Linda Guajira.mp3,[135.99917763]
Lioness.mp3,[123.046875]
Lionheart (Fearless).mp3,[63.02400915]
Liquor & Cigarettes (feat. ArrDee).mp3,[117.45383523]
Lisa.mp3,[80.74951172]
Little Bit of Love.mp3,[107.66601562]
Little Dark Age.mp3,[95.703125]
Little Foot Big Foot (feat. Young Nudy).mp3,[103.359375]
Little Girl Gone.mp3,[161.49902344]
Little Life.mp3,[135.99917763]
Little Talks.mp3,[103.359375]
Little Things x Gypsy Woman - L BEATS MASHUP.mp3,[129.19921875]
Live Another Day.mp3,[117.45383523]
LLYLM.mp3,[86.1328125]
Lo Aprendi de Ti - HA-ASH Primera Fila - Hecho Realidad [En Vivo].mp3,[129.19921875]
Lo Que Tiene.mp3,[135.99917763]
Loading.mp3,[143.5546875]
Location (feat. Burna Boy).mp3,[151.99908088]
LOCATION.mp3,[117.45383523]
Locked out of Heaven.mp3,[143.5546875]
Loco.mp3,[129.19921875]
Lollipop.mp3,[103.359375]
loml.mp3,[64.59960938]
Long Journey.mp3,[92.28515625]
Look Alive (feat. Drake).mp3,[143.5546875]
Look At Me Now (feat. Lil' Wayne & Busta Rhymes).mp3,[143.5546875]
Look At Me!.mp3,[135.99917763]
Looking Like a Wow End of Year 2023.mp3,[135.99917763]
Los Botones Azules.mp3,[95.703125]
Los Collares.mp3,[143.5546875]
Lose Control.mp3,[161.49902344]
Lose Yourself.mp3,[129.19921875]
Loser ABC.mp3,[143.5546875]
"Loser, Baby.mp3",[73.828125]
Losing Interest - Original Mix.mp3,[57.421875]
Lost Boy.mp3,[161.49902344]
LOST FOREVER (feat. Westside Gunn).mp3,[184.5703125]
Lost in the Fire (feat. The Weeknd).mp3,[135.99917763]
LOST!.mp3,[172.265625]
LOU LOU.mp3,[129.19921875]
Loucura.mp3,[123.046875]
Love Lies.mp3,[143.5546875]
Love Lost.mp3,[112.34714674]
Love Me Harder.mp3,[198.76802885]
Love Me Like You Do.mp3,[95.703125]
Love Not War (The Tampa Beat).mp3,[99.38401442]
love nwantiti (feat. Dj Yo! & AX'EL) - Remix.mp3,[89.10290948]
Love On The Brain.mp3,[172.265625]
Love Scars.mp3,[123.046875]
Love seeker.mp3,[123.046875]
Love Someone.mp3,[112.34714674]
Love Songs - Bonus.mp3,[60.09265988]
Love Sosa.mp3,[99.38401442]
Love Terremoto - Ao Vivo.mp3,[143.5546875]
Love Tonight (David Guetta Remix Edit).mp3,[112.34714674]
Love Tonight (Edit).mp3,[123.046875]
LOVE YOU BETTER.mp3,[75.99954044]
Love You So.mp3,[117.45383523]
LOVE. FEAT. ZACARI..mp3,[63.02400915]
Lovefool.mp3,[123.046875]
Lover.mp3,[67.99958882]
Lovin On Me.mp3,[103.359375]
Low (feat. T-Pain).mp3,[129.19921875]
Low Down.mp3,[129.19921875]
Low Life (feat. The Weeknd).mp3,[143.5546875]
Low.mp3,[143.5546875]
Lua.mp3,[143.5546875]
Luchtballon.mp3,[89.10290948]
Lucid Dreams.mp3,[112.34714674]
Lucky Girl Syndrome.mp3,[123.046875]
Lucky You (feat. Joyner Lucas).mp3,[151.99908088]
Lullaby - BadWolf Remix.mp3,[117.45383523]
LUNA.mp3,[99.38401442]
LUNCH.mp3,[123.046875]
Lutt Putt Gaya.mp3,[92.28515625]
m y . l i f e (with 21 Savage & Morray).mp3,[103.359375]
M.A.I.mp3,[161.49902344]
Ma Fi Leil.mp3,[83.35433468]
Macetando.mp3,[129.19921875]
Mad at Disney.mp3,[112.34714674]
Madchen auf dem Pferd.mp3,[112.34714674]
Made You Look.mp3,[95.703125]
Magic Johnson.mp3,[143.5546875]
Magnetic.mp3,[129.19921875]
Magnolia.mp3,[161.49902344]
Mahiya Ve (Hawa Warga).mp3,[143.5546875]
Mahiye Jinna Sohna Slowed + Reverb.mp3,[172.265625]
Mahiye Jinna Sohna.mp3,[89.10290948]
Main Sharabi 2 Remix.mp3,[123.046875]
Major Distribution.mp3,[80.74951172]
Make No Sense.mp3,[151.99908088]
Mal Hombre.mp3,[95.703125]
Mala Fama.mp3,[89.10290948]
Malas Decisiones.mp3,[112.34714674]
Malibu.mp3,[92.28515625]
Malvada.mp3,[135.99917763]
Mama's Boy.mp3,[78.30255682]
Mama.mp3,[103.359375]
MAMACITA.mp3,[135.99917763]
Mamaw's House.mp3,[123.046875]
Mamichula - con Nicki Nicole.mp3,[92.28515625]
Man Made A Bar.mp3,[151.99908088]
MANDA BALA.mp3,[129.19921875]
MANIAC.mp3,[89.10290948]
Manos Rotas.mp3,[95.703125]
Maps.mp3,[117.45383523]
Maquillaje.mp3,[86.1328125]
Maria Maria.mp3,[129.19921875]
Maria.mp3,[129.19921875]
Marisola (Remix).mp3,[184.5703125]
Martes 13.mp3,[161.49902344]
Marvins Room.mp3,[143.5546875]
Mas Altas Que Bajadas.mp3,[123.046875]
Masterplan.mp3,[151.99908088]
MATHEMATICAL DISRESPECT.mp3,[73.828125]
Mati-Matian.mp3,[117.45383523]
Matilda.mp3,[117.45383523]
Maybach (feat. Future).mp3,[151.99908088]
Maybe You’re The Problem.mp3,[83.35433468]
Mbappe.mp3,[129.19921875]
Me Acostumbre (feat. Bad Bunny).mp3,[123.046875]
Me Atraiu (Reimagined).mp3,[107.66601562]
Me Enamore.mp3,[135.99917763]
Me Entere.mp3,[86.1328125]
Me Escape.mp3,[99.38401442]
Me Niego (feat. Ozuna & Wisin).mp3,[123.046875]
Me Porto Bonito.mp3,[92.28515625]
Me Rehuso.mp3,[143.5546875]
Me Too.mp3,[123.046875]
ME! (feat. Brendon Urie of Panic! At The Disco).mp3,[184.5703125]
Meet Me At Our Spot.mp3,[95.703125]
meet the grahams.mp3,[143.5546875]
Meet you at the Graveyard.mp3,[143.5546875]
MEGAVERSE.mp3,[135.99917763]
Mejor Que Ayer.mp3,[63.02400915]
Mejor Que Yo.mp3,[172.265625]
Melhor So.mp3,[143.5546875]
Melhor Vibe.mp3,[135.99917763]
Melting.mp3,[117.45383523]
MEMORIAS.mp3,[129.19921875]
Memories (feat. Kid Cudi).mp3,[129.19921875]
MEMORIES!.mp3,[151.99908088]
Memories.mp3,[92.28515625]
Memory Lane.mp3,[117.45383523]
MERCEDES CAROTA.mp3,[135.99917763]
Mercy.mp3,[143.5546875]
Meridian.mp3,[117.45383523]
Mesafe.mp3,[92.28515625]
messy in heaven.mp3,[172.265625]
"MHD_ Bzrp Music Sessions, Vol. 44.mp3",[123.046875]
Mi Cama.mp3,[161.49902344]
Mi Cuarto.mp3,[184.5703125]
MI EX TENIA RAZON.mp3,[107.66601562]
Mi Morenita.mp3,[83.35433468]
Mi tesoro (feat. Nicky Jam).mp3,[92.28515625]
Midas Touch.mp3,[117.45383523]
MIDDLE CHILD.mp3,[151.99908088]
Midnight City.mp3,[135.99917763]
Midnight Rain.mp3,[69.83741554]
Mil Preguntas.mp3,[151.99908088]
MILLION DOLLAR BABY.mp3,[135.99917763]
Min Awel Dekika.mp3,[143.5546875]
Miracle (with Ellie Goulding).mp3,[143.5546875]
Mirame.mp3,[172.265625]
Mirrors.mp3,[151.99908088]
Miss You - Remix.mp3,[172.265625]
Mittelmeer.mp3,[89.10290948]
"Mnike (feat. DJ Maphorisa, Nandipha808, Ceeka RSA & Tyron Dee).mp3",[112.34714674]
MODERN JAM (feat. Teezo Touchdown).mp3,[107.66601562]
MOLETOM.mp3,[135.99917763]
moment.mp3,[86.1328125]
"Mommy, Mommy Give Me Yummy.mp3",[135.99917763]
Mon Amour.mp3,[161.49902344]
Mona Lisa.mp3,[112.34714674]
MONACO.mp3,[92.28515625]
Money In The Grave (Drake ft. Rick Ross).mp3,[107.66601562]
Money so big.mp3,[135.99917763]
Money Trees.mp3,[143.5546875]
Money.mp3,[129.19921875]
Monster (Shawn Mendes & Justin Bieber).mp3,[71.77734375]
Monster.mp3,[129.19921875]
MONTAGEM - PR FUNK.mp3,[129.19921875]
MONTAGEM ANOS 2000.mp3,[123.046875]
Montagem Mysterious Game.mp3,[129.19921875]
Montagem Rave Eterno.mp3,[129.19921875]
MONTERO (Call Me By Your Name).mp3,[123.046875]
Mood (feat. iann dior).mp3,[92.28515625]
Mood Malandro.mp3,[103.359375]
Mood.mp3,[129.19921875]
Morado.mp3,[95.703125]
More Than My Hometown.mp3,[129.19921875]
More Than You Know.mp3,[123.046875]
Mother.mp3,[117.45383523]
Motley Crew.mp3,[129.19921875]
MotorSport.mp3,[135.99917763]
Mount Everest.mp3,[80.74951172]
Mourning.mp3,[73.828125]
Move Your Body.mp3,[123.046875]
Ms. Jackson.mp3,[161.49902344]
Mtg Quero Te Encontrar.mp3,[129.19921875]
Mua!.mp3,[129.19921875]
Murder on My Mind.mp3,[117.45383523]
Murder on the Dancefloor - triple j Like A Version.mp3,[123.046875]
Murder.mp3,[129.19921875]
MVP.mp3,[172.265625]
My Baby (feat. Chike).mp3,[117.45383523]
my ex's best friend (with blackbear).mp3,[123.046875]
my future.mp3,[107.66601562]
My Heart Goes (La Di Da).mp3,[123.046875]
My Love Mine All Mine.mp3,[112.34714674]
My Oh My.mp3,[117.45383523]
My Ordinary Life.mp3,[89.10290948]
My Universe.mp3,[103.359375]
My Way.mp3,[123.046875]
My wrist (with Young Thug).mp3,[135.99917763]
Myself.mp3,[99.38401442]
N'y pense plus.mp3,[123.046875]
n.h.i.e..mp3,[129.19921875]
Naach Meri Rani (Feat. Nora Fatehi).mp3,[129.19921875]
Nae Nae).mp3,[92.28515625]
Nail Tech.mp3,[151.99908088]
Nakhrewali.mp3,[103.359375]
Nao Vou Namorar.mp3,[80.74951172]
NARCISSISTIC PERSONALITY DISORDER.mp3,[112.34714674]
Nashe Si Chadh Gayi.mp3,[129.19921875]
NASTY - Extended Version.mp3,[161.49902344]
"Nathy Peluso_ Bzrp Music Sessions, Vol. 36.mp3",[129.19921875]
Need Your Love (with Noah Kahan).mp3,[135.99917763]
Needle (feat. Drake).mp3,[143.5546875]
Nena Maldicion (feat. Lenny Tavarez).mp3,[117.45383523]
Nenas.mp3,[135.99917763]
NEON BLADE.mp3,[95.703125]
Neon Pill.mp3,[117.45383523]
Nevada.mp3,[143.5546875]
Never Be Lonely.mp3,[129.19921875]
Never Be the Same.mp3,[129.19921875]
Never Forget You.mp3,[143.5546875]
Never Going Home.mp3,[123.046875]
NEVER LAST.mp3,[129.19921875]
Never Lose Me.mp3,[123.046875]
Nevermind.mp3,[49.69200721]
New Freezer (feat. Kendrick Lamar).mp3,[143.5546875]
New Gold (feat. Tame Impala and Bootie Brown).mp3,[107.66601562]
New Jeans.mp3,[89.10290948]
NEW MAGIC WAND.mp3,[135.99917763]
New Rules.mp3,[151.99908088]
Next Level.mp3,[107.66601562]
Next Thing You Know.mp3,[107.66601562]
Ngozi.mp3,[117.45383523]
NI BIEN NI MAL.mp3,[129.19921875]
Ni Me Debes Ni Te Debo.mp3,[107.66601562]
Ni Una Ni Dos.mp3,[89.10290948]
Nice For What.mp3,[123.046875]
Nice to Meet You.mp3,[103.359375]
Night Changes.mp3,[117.45383523]
Night.mp3,[198.76802885]
No Angels.mp3,[112.34714674]
No Es Justo.mp3,[117.45383523]
No Es Por Aca.mp3,[99.38401442]
No Fuss.mp3,[135.99917763]
No Hands (feat. Roscoe Dash & Wale).mp3,[129.19921875]
No Hay Nadie Mas.mp3,[69.83741554]
No Limit.mp3,[89.10290948]
No Me Acuerdo.mp3,[123.046875]
No Me Conoce - Remix.mp3,[92.28515625]
"No Me Conocen (Remix) [con DUKI, Rei & Tiago PZK].mp3",[89.10290948]
NO ME QUIERO CASAR.mp3,[99.38401442]
No Money.mp3,[123.046875]
No Te Contaron Mal.mp3,[161.49902344]
No Time To Die.mp3,[71.77734375]
No Type.mp3,[129.19921875]
No Wahala - Remix.mp3,[103.359375]
NO.mp3,[95.703125]
Northern Attitude (with Hozier).mp3,[123.046875]
NOSTYLIST.mp3,[161.49902344]
Not Afraid.mp3,[117.45383523]
Not Even Ghosts Are This Empty.mp3,[143.5546875]
Not Fair.mp3,[143.5546875]
Not Like Us.mp3,[99.38401442]
Not My Fault (with Megan Thee Stallion).mp3,[123.046875]
Not So Bad (Leans Gone Cold).mp3,[73.828125]
Nothing Breaks Like a Heart (feat. Miley Cyrus).mp3,[112.34714674]
Noticed.mp3,[161.49902344]
November Rain.mp3,[151.99908088]
Novidade na Area.mp3,[129.19921875]
Now That We Don't Talk (Taylor's Version) (From The Vault).mp3,[112.34714674]
Numb.mp3,[112.34714674]
NUMBER 2.mp3,[123.046875]
Nxde.mp3,[135.99917763]
O Bedardeya (From _Tu Jhoothi Main Makkaar_).mp3,[56.17357337]
O Patinho Colorido.mp3,[129.19921875]
o you.mp3,[92.28515625]
Obsessed With You.mp3,[71.77734375]
Ocean.mp3,[151.99908088]
Oddara.mp3,[135.99917763]
Off The Grid.mp3,[89.10290948]
Often.mp3,[135.99917763]
Oi Erro - Ao Vivo.mp3,[135.99917763]
Ojitos Lindos.mp3,[103.359375]
Ojos Marrones.mp3,[117.45383523]
OKAY.mp3,[161.49902344]
OKI DOKI.mp3,[107.66601562]
Oklahoma Smokeshow.mp3,[123.046875]
Old Love.mp3,[143.5546875]
Old Town Road.mp3,[67.99958882]
older.mp3,[135.99917763]
Olha A Explosao.mp3,[129.19921875]
Om Jai Jagdish Hare.mp3,[184.5703125]
On Chill (feat. Jeremih).mp3,[172.265625]
On My Grind (Intro).mp3,[86.1328125]
On My Mind.mp3,[123.046875]
On My Way.mp3,[112.34714674]
on one tonight.mp3,[129.19921875]
On The Floor.mp3,[129.19921875]
On The Radar Freestyle.mp3,[143.5546875]
on the street (with J. Cole).mp3,[95.703125]
ON.mp3,[103.359375]
One Call Away.mp3,[92.28515625]
One in a Million.mp3,[135.99917763]
One Last Time.mp3,[123.046875]
One Man Band.mp3,[151.99908088]
One Of Them Girls.mp3,[95.703125]
One Thing At A Time.mp3,[143.5546875]
One Thing Right - Koni Remix.mp3,[103.359375]
Only Fine Girl.mp3,[112.34714674]
Only Girl (In The World).mp3,[129.19921875]
Only Human.mp3,[184.5703125]
Only Love Can Hurt Like This (feat. Teddy Swims) - Remix.mp3,[92.28515625]
ONLY.mp3,[135.99917763]
OOOUUU.mp3,[107.66601562]
Ophelia.mp3,[75.99954044]
Opp Stoppa.mp3,[151.99908088]
"Or Nah (feat. The Weeknd, Wiz Khalifa & DJ Mustard) - Remix.mp3",[123.046875]
Orang Yang Salah.mp3,[129.19921875]
ORANGE SODA.mp3,[172.265625]
Original som fan.mp3,[92.28515625]
Os Bico Tao Se Perguntando (Let’s Go 3).mp3,[86.1328125]
Otra Vez (feat. J Balvin).mp3,[198.76802885]
Otro Atardecer.mp3,[107.66601562]
Out of Time.mp3,[92.28515625]
OUT OUT (feat. Charli XCX & Saweetie).mp3,[123.046875]
Outside Today.mp3,[135.99917763]
Overdose.mp3,[117.45383523]
Overdrive.mp3,[135.99917763]
Overseas.mp3,[135.99917763]
overwhelmed.mp3,[86.1328125]
Own Brand Freestyle.mp3,[129.19921875]
P power (feat. Drake).mp3,[117.45383523]
p r i d e . i s . t h e . d e v i l (with Lil Baby).mp3,[117.45383523]
pa.mp3,[143.5546875]
Paani Paani.mp3,[103.359375]
Pacas De Billetes.mp3,[143.5546875]
Pachelbel_ Canon and Gigue for Three Violins and Continuo in D Major_ Canon.mp3,[151.99908088]
PACTO (feat. Bryant Myers & Dei V) - Remix.mp3,[143.5546875]
Pacto (feat. Luar La L).mp3,[172.265625]
Padam Padam.mp3,[129.19921875]
Pagina De Ex - Ao Vivo.mp3,[107.66601562]
Pain.mp3,[89.10290948]
Paint The Town Red.mp3,[99.38401442]
Pakistan.mp3,[103.359375]
Palhaca - Ao Vivo.mp3,[143.5546875]
Panda Basi.mp3,[95.703125]
Panic Room.mp3,[95.703125]
Pantysito.mp3,[99.38401442]
Para de Mentir.mp3,[135.99917763]
Paradise.mp3,[135.99917763]
Parado no Bailao.mp3,[129.19921875]
Param Pom.mp3,[129.19921875]
PARANOIA.mp3,[112.34714674]
Parce (feat. Justin Quiles).mp3,[83.35433468]
Paris.mp3,[99.38401442]
Paro - Speed Up.mp3,[143.5546875]
Paro.mp3,[107.66601562]
PARTIDO EN DOS.mp3,[123.046875]
Party Rock Anthem.mp3,[86.1328125]
Patadas de Ahogado.mp3,[92.28515625]
Peaches (feat. Daniel Caesar & Giveon).mp3,[89.10290948]
Pedro.mp3,[151.99908088]
Peekaboo.mp3,[135.99917763]
Pelele.mp3,[71.77734375]
People.mp3,[99.38401442]
Pepas.mp3,[129.19921875]
Perfect Strangers.mp3,[117.45383523]
Perfect.mp3,[184.5703125]
PERO TU.mp3,[143.5546875]
Perro Fiel (feat. Nicky Jam).mp3,[123.046875]
PERRO NEGRO.mp3,[184.5703125]
Personal.mp3,[92.28515625]
Phir Bhi Tumko Chaahunga.mp3,0.0
PHONK BRASILEIRO FRESCO.mp3,[129.19921875]
Phonk Vol 1.mp3,[95.703125]
Phonky Town.mp3,[123.046875]
PICK IT UP (feat. A$AP Rocky).mp3,[135.99917763]
Pika na Marcela.mp3,[151.99908088]
PILLOWTALK.mp3,[83.35433468]
Pink + White.mp3,[161.49902344]
Pipoco.mp3,[135.99917763]
Piscina.mp3,[129.19921875]
Piyar Farak Wali.mp3,[123.046875]
Plain Jane REMIX (feat. Nicki Minaj).mp3,[172.265625]
Plan A.mp3,[172.265625]
Playing Games (with Bryson Tiller) - Extended Version.mp3,[117.45383523]
Please Don't Fall In Love With Me.mp3,[112.34714674]
Please Please Please.mp3,[107.66601562]
PLIS.mp3,[86.1328125]
Poco A Poco.mp3,[143.5546875]
POCPOC.mp3,[129.19921875]
Poesia Acustica #6 Era uma Vez.mp3,[95.703125]
Pointless.mp3,[129.19921875]
Poker Face.mp3,[117.45383523]
Poland.mp3,[151.99908088]
POLARIS - Remix.mp3,[83.35433468]
Poppin.mp3,[151.99908088]
Por Dentro.mp3,[107.66601562]
Por Las Noches.mp3,[92.28515625]
Por Primera Vez.mp3,[83.35433468]
PORFA.mp3,[107.66601562]
Porque Te Vas.mp3,[143.5546875]
Position.mp3,[107.66601562]
Potion (with Dua Lipa & Young Thug).mp3,[99.38401442]
pov.mp3,[66.25600962]
Prada.mp3,[112.34714674]
"Praise (feat. Brandon Lake, Chris Brown & Chandler Moore).mp3",[129.19921875]
Praise Jah In The Moonlight.mp3,[123.046875]
Praise The Lord (Da Shine) (feat. Skepta) - Durdenhauer Edit.mp3,[99.38401442]
Pray For Me.mp3,[135.99917763]
Precision.mp3,[143.5546875]
PRIMER AVISO.mp3,[92.28515625]
Princess Diana (with Nicki Minaj).mp3,[151.99908088]
Prisoner (feat. Dua Lipa).mp3,[129.19921875]
Private Jet.mp3,[135.99917763]
Private Landing (feat. Justin Bieber & Future).mp3,[135.99917763]
Problem.mp3,[135.99917763]
Problema.mp3,[129.19921875]
Problemas de um Milionario.mp3,[135.99917763]
Prohibidox.mp3,[117.45383523]
Promises (with Sam Smith).mp3,[123.046875]
Propuesta Indecente.mp3,[123.046875]
Proud Mary.mp3,[184.5703125]
PROVENZA.mp3,[112.34714674]
Psikopat.mp3,[123.046875]
Psycho.mp3,[69.83741554]
Pump It Up.mp3,[64.59960938]
Pump.mp3,[129.19921875]
Pure Water (with Migos).mp3,[99.38401442]
Puro Campeon.mp3,[103.359375]
Purple Stain.mp3,[103.359375]
Pussy & Millions (feat. Travis Scott).mp3,[123.046875]
Put It On Da Floor Again (feat. Cardi B).mp3,[161.49902344]
Put Your Records On.mp3,[103.359375]
Puta Mexicana.mp3,[129.19921875]
QLONA.mp3,[172.265625]
Que Calor.mp3,[123.046875]
QUE ME FALTE TODO.mp3,[151.99908088]
QUE PRETENDES.mp3,[123.046875]
Que Tire Pa Lante.mp3,[92.28515625]
Queen of Kings - Gabry Ponte Remix.mp3,[135.99917763]
"Quevedo_ Bzrp Music Sessions, Vol. 52.mp3",[83.35433468]
Quicksand.mp3,[117.45383523]
Quiere Beber.mp3,[129.19921875]
"QUITENME EL TELEFONO (feat. Yandel, Jay Wheeler).mp3",[117.45383523]
Rags2Riches 2 (feat. Lil Baby).mp3,[117.45383523]
Raindrops (Insane) [with Travis Scott].mp3,[112.34714674]
Raining In Manila.mp3,[117.45383523]
Rainy Days.mp3,[75.99954044]
Raja Ji.mp3,[129.19921875]
Ramen & OJ.mp3,[143.5546875]
Ramenez la coupe a la maison.mp3,[107.66601562]
Ranjha Maahi.mp3,[95.703125]
Ranjithame (From _Varisu_).mp3,[123.046875]
Rasputin.mp3,[129.19921875]
Rather Be (feat. Jess Glynne).mp3,[117.45383523]
"Rauw Alejandro_ Bzrp Music Sessions, Vol. 56.mp3",[86.1328125]
Rave Na Praia.mp3,[135.99917763]
Razzi Bolja.mp3,[99.38401442]
REACT.mp3,[123.046875]
REAL GANGSTA LOVE.mp3,[129.19921875]
Real Love.mp3,[83.35433468]
Reckless.mp3,[184.5703125]
Recognize (feat. Drake).mp3,[117.45383523]
Red Leather.mp3,[112.34714674]
Red Ruby Da Sleeze.mp3,[129.19921875]
redrum.mp3,[129.19921875]
Reggaeton Lento (Bailemos).mp3,[95.703125]
REINA.mp3,[112.34714674]
Remember.mp3,[83.35433468]
Reminder.mp3,[161.49902344]
REPEAT IT (with Gunna).mp3,[143.5546875]
Replay.mp3,[184.5703125]
Respect.mp3,[112.34714674]
Revenge.mp3,[135.99917763]
Rewrite The Stars.mp3,[129.19921875]
Rhyme Dust.mp3,[129.19921875]
Rich Baby Daddy (feat. Sexyy Red & SZA).mp3,[143.5546875]
Rich Flex.mp3,[151.99908088]
Rich Nigga Shit (feat. Young Thug).mp3,[99.38401442]
Rich Spirit.mp3,[95.703125]
Right On.mp3,[112.34714674]
Righteous.mp3,[143.5546875]
Rim Tim Tagi Dim.mp3,[129.19921875]
Ring (feat. Kehlani).mp3,[107.66601562]
Rise.mp3,[107.66601562]
Risk.mp3,[75.99954044]
River (feat. Ed Sheeran).mp3,[89.10290948]
Rock My Body.mp3,[123.046875]
ROCKSTAR (feat. Roddy Ricch).mp3,[89.10290948]
ROCKSTAR.mp3,[123.046875]
Rodeo (Remix).mp3,[60.09265988]
Rojo.mp3,[112.34714674]
Rolex.mp3,[95.703125]
Rolling in the Deep.mp3,[103.359375]
Romeo Juliet - Title Song.mp3,[135.99917763]
ROSA PASTEL.mp3,[123.046875]
Roses (with Juice WRLD feat. Brendon Urie).mp3,[143.5546875]
Roses.mp3,[99.38401442]
Rover (feat. DTG).mp3,[143.5546875]
Royalty.mp3,[161.49902344]
Rude.mp3,[143.5546875]
Rumah Singgah.mp3,[103.359375]
run for the hills.mp3,[129.19921875]
Run Free.mp3,[99.38401442]
Run.mp3,[117.45383523]
Runaway (U & I).mp3,[123.046875]
Rungkad.mp3,[99.38401442]
Runnin.mp3,[143.5546875]
Rush.mp3,[135.99917763]
Saami Saami (From _Pushpa The Rise Part - 01_).mp3,[143.5546875]
Saari Duniya Jalaa Denge.mp3,[161.49902344]
Sability.mp3,[117.45383523]
Sabran.mp3,[95.703125]
Sacrifice.mp3,[123.046875]
Safari.mp3,[117.45383523]
Safe and Sound.mp3,[117.45383523]
Sahara.mp3,[117.45383523]
Sail.mp3,[117.45383523]
Saiyan.mp3,[123.046875]
Sakhiyaan.mp3,[161.49902344]
Sal y Perrea.mp3,[89.10290948]
Salimo de Noche.mp3,[83.35433468]
Salt.mp3,[129.19921875]
Samba de Malandro.mp3,[123.046875]
Sand In My Boots.mp3,[69.83741554]
Sand Monkey.mp3,[129.19921875]
Satellite.mp3,[135.99917763]
Satu Rasa Cinta.mp3,[129.19921875]
Saturn.mp3,[89.10290948]
Savage.mp3,[172.265625]
Save Me The Trouble.mp3,[135.99917763]
Save Me.mp3,[161.49902344]
Save Your Tears.mp3,[117.45383523]
Saving Up - Odd Mob Remix.mp3,[135.99917763]
Say It Right.mp3,[89.10290948]
Say It.mp3,[107.66601562]
SAY MY GRACE (feat. Travis Scott).mp3,[123.046875]
Say My Name (feat. Bebe Rexha & J Balvin) - Corey James Remix.mp3,[123.046875]
Say Something.mp3,[129.19921875]
Scared to Be Lonely.mp3,[135.99917763]
Scream & Shout.mp3,[129.19921875]
Se Grita.mp3,[123.046875]
Se Le Ve.mp3,[117.45383523]
Se Te Nota (with Guaynaa).mp3,[103.359375]
Search Bar.mp3,[107.66601562]
SEDA.mp3,[92.28515625]
See You Again (feat. Charlie Puth).mp3,[161.49902344]
See You Dance - Radio Edit.mp3,[83.35433468]
Self Care.mp3,[129.19921875]
Self Love (Spider-Man_ Across the Spider-Verse) (Metro Boomin & Coi Leray).mp3,[123.046875]
Selfish.mp3,[117.45383523]
Semangat Kerjanya Kawan.mp3,[89.10290948]
Send My Love (To Your New Lover).mp3,[161.49902344]
Sent Gamkauwa.mp3,[123.046875]
Set Fire to the Rain.mp3,[107.66601562]
Set Me Free Pt.2.mp3,[135.99917763]
SET ME FREE.mp3,[112.34714674]
Seven (feat. Latto).mp3,[123.046875]
SEVILLA.mp3,[135.99917763]
Sex Music.mp3,[161.49902344]
Sex Sounds.mp3,[64.59960938]
"Sex, Drugs, Etc..mp3",[143.5546875]
Sexo Virtual.mp3,[172.265625]
Sexy to Someone.mp3,[99.38401442]
Seya.mp3,[143.5546875]
Sezen Aksu.mp3,[73.828125]
Shadow.mp3,[143.5546875]
Shaitan Ka Saala.mp3,[129.19921875]
Shake It Off.mp3,[161.49902344]
"Shakira_ Bzrp Music Sessions, Vol. 53.mp3",[123.046875]
Shaky Shaky.mp3,[172.265625]
Shallow.mp3,[95.703125]
Shameless.mp3,[129.19921875]
Sharing Locations (feat. Lil Baby & Lil Durk).mp3,[151.99908088]
Sharks.mp3,[123.046875]
She Don't Know (From _She Don't Know_).mp3,[103.359375]
She Got the Best of Me.mp3,[151.99908088]
SHEESH.mp3,[143.5546875]
Shellfish cumbia.mp3,[123.046875]
Sher Khul Gaye (From _Fighter_).mp3,[123.046875]
Shiver - Cassian Remix.mp3,[129.19921875]
Shoong! (feat. LISA of BLACKPINK).mp3,[112.34714674]
Shoota (feat. Lil Uzi Vert).mp3,[151.99908088]
Shotgun.mp3,[112.34714674]
Shotta Flow (feat. Blueface) - Remix.mp3,[117.45383523]
Shotta Flow.mp3,[123.046875]
should've wore a bonnet.mp3,[143.5546875]
Show Me How.mp3,[161.49902344]
Show Time.mp3,[117.45383523]
Shut Up and Dance.mp3,[129.19921875]
Shut up My Moms Calling.mp3,[135.99917763]
Si Estuviesemos Juntos.mp3,[172.265625]
Si Fuera Facil.mp3,[103.359375]
Si La Calle Llama - Remix.mp3,[112.34714674]
SI SABE FERXXO.mp3,[95.703125]
"SI SI SI SI (feat. Eladio Carrion, Bryant Myers, Dei V).mp3",[123.046875]
Si Supieras.mp3,[184.5703125]
Si Te La Encuentras Por Ahi.mp3,[112.34714674]
Sial.mp3,[123.046875]
Siempre Pendientes.mp3,[135.99917763]
Sigue.mp3,[123.046875]
Silent Hill.mp3,[135.99917763]
Sin Querer.mp3,[172.265625]
SIN SENAL.mp3,[117.45383523]
Sin Tanto Royo.mp3,[135.99917763]
Singapur.mp3,[112.34714674]
Single Again.mp3,[143.5546875]
Sip (Alcohol).mp3,[135.99917763]
SIRENS.mp3,[143.5546875]
Sittin' On Top Of The World (feat. 21 Savage).mp3,[99.38401442]
Skate.mp3,[112.34714674]
SkeeYee.mp3,[83.35433468]
SKEU SKEU (feat. wilsko & 7ia).mp3,[103.359375]
Skibidi Toilet.mp3,[129.19921875]
Skibidi.mp3,[89.10290948]
Skin and Bones.mp3,[112.34714674]
Skin de Bandida.mp3,[135.99917763]
SKITZO (feat. Young Thug).mp3,[184.5703125]
SLAY!.mp3,[129.19921875]
Slide (feat. Frank Ocean & Migos).mp3,[143.5546875]
Slide.mp3,[135.99917763]
Slow Dancing.mp3,[151.99908088]
Slow Hands.mp3,[80.74951172]
Slumber Party (feat. Princess Nokia).mp3,[103.359375]
SLUT ME OUT.mp3,[123.046875]
Smack That.mp3,[60.09265988]
Smells Like Teen Spirit.mp3,[117.45383523]
SMOKE IT OFF!.mp3,[143.5546875]
SNAP.mp3,[86.1328125]
sneaky.mp3,[151.99908088]
Snooze.mp3,[143.5546875]
Snow On The Beach (feat. More Lana Del Rey).mp3,[107.66601562]
Snowman.mp3,[69.83741554]
So Am I.mp3,[129.19921875]
SO DONE.mp3,[143.5546875]
So Far Away.mp3,[143.5546875]
So Far.mp3,[107.66601562]
So High School.mp3,[172.265625]
Soap.mp3,[83.35433468]
Socadona.mp3,[129.19921875]
Sofia.mp3,[112.34714674]
Softcore.mp3,[95.703125]
SOLO (Live).mp3,[95.703125]
Solo Conmigo.mp3,[123.046875]
Solo Me Dejaste.mp3,[151.99908088]
Solo.mp3,[123.046875]
Soltera (Remix).mp3,[92.28515625]
Somebody (2024).mp3,[129.19921875]
Someone Like You.mp3,[135.99917763]
Someone You Loved.mp3,[112.34714674]
Something About You.mp3,[135.99917763]
Somewhere Only We Know.mp3,[172.265625]
Son Of A Sinner.mp3,[117.45383523]
Sooseki.mp3,[129.19921875]
Sorriso no Rosto.mp3,[117.45383523]
Sorry Not Sorry.mp3,[143.5546875]
soso.mp3,[143.5546875]
Soundgasm.mp3,[198.76802885]
"Soweto (with Don Toliver, Rema & Tempoe).mp3",[103.359375]
Space Cadet (feat. Gunna).mp3,[107.66601562]
Space Song.mp3,[143.5546875]
Speed Drive.mp3,[86.1328125]
Spinnin.mp3,[135.99917763]
SPIT IN MY FACE!.mp3,[95.703125]
Spokojnie.mp3,[103.359375]
SPOT!.mp3,[107.66601562]
Spotless (feat. The Lumineers).mp3,[73.828125]
Spring Snow.mp3,[112.34714674]
Sprinter.mp3,[92.28515625]
Srivalli.mp3,[107.66601562]
Stand By Me (feat. Morgan Wallen).mp3,[135.99917763]
Stand By Me.mp3,[78.30255682]
Starboy.mp3,[123.046875]
Stargazing.mp3,[99.38401442]
STARS.mp3,[172.265625]
Starships.mp3,[83.35433468]
Starting Over.mp3,[89.10290948]
Static.mp3,[161.49902344]
STAY (with Justin Bieber).mp3,[172.265625]
Stay With Me.mp3,[86.1328125]
Stay.mp3,[112.34714674]
STAYING ALIVE (feat. Drake & Lil Baby).mp3,[129.19921875]
stellar.mp3,[161.49902344]
Step Back!.mp3,[129.19921875]
Stereo Hearts (feat. Adam Levine).mp3,[184.5703125]
Stereo Love - Original.mp3,[129.19921875]
Sticky.mp3,[135.99917763]
Still Don't Know My Name.mp3,[50.66636029]
Still Rollin.mp3,[95.703125]
Still Trappin'.mp3,[143.5546875]
Still With You.mp3,[172.265625]
Stop Giving Me Advice (with Jack Harlow & Dave).mp3,[86.1328125]
Story of My Life.mp3,[123.046875]
Straight and Narrow.mp3,[172.265625]
Strangers.mp3,[86.1328125]
Street Runner.mp3,[112.34714674]
Strike (Holster).mp3,[143.5546875]
Strip That Down.mp3,[107.66601562]
Stuck In The Middle.mp3,[123.046875]
STUPID IN LOVE (feat. HUH YUNJIN of LE SSERAFIM).mp3,[151.99908088]
Style.mp3,[95.703125]
Suano.mp3,[103.359375]
Suavemente.mp3,[135.99917763]
SUBMARINER.mp3,[172.265625]
Sudden Shower.mp3,[135.99917763]
Sugar Rush Ride.mp3,[83.35433468]
Sugarcane - Remix.mp3,[99.38401442]
SugarCrash!.mp3,[198.76802885]
Suge.mp3,[151.99908088]
Summer Too Hot.mp3,[184.5703125]
Summertime Sadness - Sped Up.mp3,[75.99954044]
Summertime Sadness.mp3,[184.5703125]
Sunday Service.mp3,[151.99908088]
Sunflower - Spider-Man_ Into the Spider-Verse.mp3,[89.10290948]
Sunny Day.mp3,[60.09265988]
Sunrise.mp3,[69.83741554]
Super Bass.mp3,[129.19921875]
SUPER ULTRA MEGA.mp3,[107.66601562]
Super.mp3,[135.99917763]
SUPERMODEL.mp3,[123.046875]
Supernova.mp3,[117.45383523]
Superpowers.mp3,[143.5546875]
Sure Thing.mp3,[80.74951172]
Swag Se Swagat.mp3,[107.66601562]
Swang.mp3,[143.5546875]
Swear to God (feat. Future).mp3,[151.99908088]
Sweet Child O' Mine.mp3,[129.19921875]
Sweet Dreams.mp3,[151.99908088]
Sweetest Pie.mp3,[123.046875]
Swervin (feat. Veysel).mp3,[95.703125]
T.B.H.mp3,[89.10290948]
Taaron Ke Shehar.mp3,[161.49902344]
Taboo.mp3,[99.38401442]
Tacata.mp3,[135.99917763]
Tacos Gucci.mp3,[95.703125]
Tadow.mp3,[123.046875]
Tak Segampang Itu.mp3,[129.19921875]
Take A Bite.mp3,[184.5703125]
Take Care.mp3,[123.046875]
Take Her Home.mp3,[151.99908088]
Take Me To Church.mp3,[129.19921875]
Take My Name.mp3,[161.49902344]
Take Two.mp3,[92.28515625]
Take What You Want (feat. Ozzy Osbourne & Travis Scott).mp3,[135.99917763]
Tal Para Cual.mp3,[99.38401442]
Talibans.mp3,[135.99917763]
Talk Dirty (feat. 2 Chainz).mp3,[99.38401442]
Talk talk.mp3,[64.59960938]
Tap In.mp3,[99.38401442]
Tattoo - Remix with Camilo.mp3,[129.19921875]
Tchuco Nela.mp3,[123.046875]
TE AMO ♡.mp3,[161.49902344]
Te Felicito.mp3,[78.30255682]
TE MUDASTE.mp3,[184.5703125]
Te Robare.mp3,[89.10290948]
Te Vi.mp3,[135.99917763]
Techno Cumbia.mp3,[123.046875]
Teenage Dream - Sped Up.mp3,[135.99917763]
Teeth.mp3,[143.5546875]
Tek Tek (feat. MHD).mp3,[123.046875]
TELEFONO NUEVO.mp3,[172.265625]
Tell Me What You Want.mp3,[129.19921875]
ten.mp3,[129.19921875]
Tennessee Orange.mp3,[161.49902344]
Tera Ban Jaunga.mp3,[92.28515625]
Termina Comigo Antes - Ao Vivo.mp3,[107.66601562]
Terminator (feat. Young Jonn).mp3,[112.34714674]
"Tested, Approved & Trusted.mp3",[92.28515625]
TEXAS HOLD 'EM.mp3,[112.34714674]
Thang For You (feat. NoCap).mp3,[112.34714674]
Thank You for Being You.mp3,[69.83741554]
That Girl.mp3,[184.5703125]
The Adults Are Talking.mp3,[161.49902344]
The Alchemy.mp3,[66.25600962]
The Astronaut.mp3,[123.046875]
THE AUTOTREM 1.0.mp3,[129.19921875]
The Bigger Picture.mp3,[135.99917763]
The Black Dog.mp3,[143.5546875]
The Boat Beat.mp3,[123.046875]
The Bones.mp3,[103.359375]
THE BOX MEDLEY FUNK 6.mp3,[123.046875]
The Box.mp3,[117.45383523]
the boy is mine.mp3,[99.38401442]
The Chicken Wing Beat.mp3,[135.99917763]
The Code.mp3,[161.49902344]
The Color Violet.mp3,[103.359375]
The Door (Tiago PZK Version).mp3,[129.19921875]
The EPA Song.mp3,[112.34714674]
The Family Madrigal.mp3,[143.5546875]
The Feeling.mp3,[129.19921875]
The Galaxy Express 999.mp3,[143.5546875]
THE GIRLS - BLACKPINK THE GAME OST.mp3,[161.49902344]
The Git Up.mp3,[99.38401442]
The Greatest.mp3,[129.19921875]
The Hillbillies.mp3,[99.38401442]
The Lazy Song.mp3,[172.265625]
The Less I Know The Better.mp3,[117.45383523]
The Magic Bomb (Questions I Get Asked) - Extended Mix.mp3,[143.5546875]
The Man He Sees in Me.mp3,[107.66601562]
The Motto.mp3,[99.38401442]
The One That Got Away.mp3,[135.99917763]
The Perfect Girl.mp3,[129.19921875]
the perfect pair.mp3,[143.5546875]
The Prophecy.mp3,[83.35433468]
The Real Slim Shady.mp3,[103.359375]
The Scientist.mp3,[73.828125]
THE SCOTTS.mp3,[129.19921875]
The Search.mp3,[143.5546875]
THE SHADE.mp3,[117.45383523]
The Smallest Man Who Ever Lived.mp3,[99.38401442]
The Sound of Silence.mp3,[83.35433468]
The Summoning.mp3,[117.45383523]
The Way I Are.mp3,[161.49902344]
The Way Life Goes (feat. Oh Wonder).mp3,[161.49902344]
The Weekend.mp3,[99.38401442]
"These Days (feat. Jess Glynne, Macklemore & Dan Caplen).mp3",[184.5703125]
These Walls.mp3,[123.046875]
Think U The Shit (Fart).mp3,[123.046875]
Thinking out Loud.mp3,[161.49902344]
This City.mp3,[75.99954044]
This Is Me.mp3,[161.49902344]
This Is The Life.mp3,[95.703125]
this is what falling in love feels like - Leon Leiden Remix.mp3,[143.5546875]
This Side of Paradise.mp3,[161.49902344]
This Town.mp3,[112.34714674]
This Wish - From _Wish_.mp3,[89.10290948]
Those Eyes.mp3,[86.1328125]
Thot Shit.mp3,[129.19921875]
Thotiana.mp3,[103.359375]
THOUSAND MILES.mp3,[86.1328125]
Thrift Shop (feat. Wanz).mp3,[95.703125]
Through Da Storm.mp3,[151.99908088]
THUNDER Y LIGHTNING.mp3,[83.35433468]
Thunder.mp3,[172.265625]
"Tiago PZK_ Bzrp Music Sessions, Vol. 48.mp3",[129.19921875]
Tighten Up.mp3,[112.34714674]
TiK ToK.mp3,[117.45383523]
TIKTOK - Remix.mp3,[95.703125]
Till I Collapse.mp3,[151.99908088]
Time of Our Lives.mp3,[123.046875]
Time Slowly Slippin'.mp3,[129.19921875]
Time Today.mp3,[135.99917763]
Titi Me Pregunto.mp3,[103.359375]
Title.mp3,[89.10290948]
Titliaan.mp3,[123.046875]
TKN (feat. Travis Scott).mp3,[95.703125]
TOES (feat. Lil Baby & Moneybagg Yo).mp3,[161.49902344]
Tom's Diner.mp3,[215.33203125]
TOMBOY.mp3,[123.046875]
Tombstone.mp3,[112.34714674]
too easy.mp3,[103.359375]
Too Rolling Stoned - 2007 Remaster.mp3,[123.046875]
Too Sweet.mp3,[117.45383523]
Top 10 staTues tHat CriEd bloOd.mp3,[129.19921875]
Tormenta (feat. Bad Bunny).mp3,[129.19921875]
Touching The Sky.mp3,[129.19921875]
Tourniquet.mp3,[80.74951172]
Toxic Pony.mp3,[143.5546875]
TQG.mp3,[123.046875]
TQMQA.mp3,[112.34714674]
Tragos Amargos.mp3,[151.99908088]
Traicionera.mp3,[92.28515625]
Training Season.mp3,[123.046875]
Trip.mp3,[80.74951172]
Trojan Horse.mp3,[92.28515625]
TROLLZ.mp3,[89.10290948]
Trouble with a Heartbreak.mp3,[135.99917763]
TRUCK BED.mp3,[129.19921875]
True Love.mp3,[83.35433468]
Trust.mp3,[92.28515625]
Truth Hurts.mp3,[161.49902344]
Truth or Dare.mp3,[151.99908088]
Try.mp3,[103.359375]
TRYNA MAKE SURE.mp3,[135.99917763]
Tshwala Bam (feat. S.N.E).mp3,[112.34714674]
Tu Aake Dekhle.mp3,[135.99917763]
Tu Falta De Querer.mp3,[86.1328125]
tu fan.mp3,[112.34714674]
Tu Foto - En Vivo.mp3,[151.99908088]
Tu Hai Kahaan - From _Do Aur Do Pyaar_.mp3,[107.66601562]
Tu Me Dejaste De Querer.mp3,[86.1328125]
Tu No Vive Asi (feat. Mambo Kingz & DJ Luian).mp3,[117.45383523]
Tu Perfume.mp3,[129.19921875]
Tu Turrito.mp3,[89.10290948]
Tuesday (feat. Drake).mp3,[143.5546875]
Tunnel Vision.mp3,[129.19921875]
Turn On The Lights again.. (feat. Future).mp3,[89.10290948]
Turn Yo Clic Up (feat. Future).mp3,[123.046875]
TUS LAGRIMAS.mp3,[184.5703125]
Tutu.mp3,[99.38401442]
TV Shapes.mp3,[151.99908088]
TWINNEM.mp3,[135.99917763]
Tyler Herro.mp3,[123.046875]
Typa Girl.mp3,[66.25600962]
Type Shit.mp3,[143.5546875]
U My Everything (feat. Drake).mp3,[95.703125]
UK Rap.mp3,[69.83741554]
ULTRA SOLO REMIX.mp3,[107.66601562]
Umbrella (with 21 Savage & Young Nudy).mp3,[151.99908088]
Un Ano.mp3,[95.703125]
Un Coco.mp3,[135.99917763]
Un Desperdicio.mp3,[73.828125]
UN DIA (ONE DAY) (Feat. Tainy).mp3,[161.49902344]
Un Ratito.mp3,[184.5703125]
Un Verano Sin Ti.mp3,[184.5703125]
un x100to.mp3,[83.35433468]
UNA BALA.mp3,[95.703125]
Una Lady Como Tu.mp3,[78.30255682]
Una Locura.mp3,[172.265625]
UNA NOCHE EN MEDELLIN - REMIX.mp3,[129.19921875]
Una Vez.mp3,[172.265625]
UNFORGIVEN (feat. Nile Rodgers).mp3,[103.359375]
UNHEALTHY (feat. Shania Twain).mp3,[123.046875]
Unholy (feat. Kim Petras) - ACRAZE Remix.mp3,[129.19921875]
United In Grief.mp3,[89.10290948]
Untitled #13.mp3,[151.99908088]
Upa Cavalinho.mp3,[103.359375]
Us Vs. Them.mp3,[151.99908088]
Vaaste.mp3,[89.10290948]
Vacation.mp3,[151.99908088]
Vai Novinha Ah Ah Ah.mp3,[129.19921875]
Vaina Loca.mp3,[123.046875]
Vamos Aclarando Muchas Cosas - En Vivo.mp3,[107.66601562]
Vamp Anthem.mp3,[107.66601562]
vampire.mp3,[135.99917763]
Vampiro.mp3,[103.359375]
Ve Kamleya (From _Rocky Aur Rani Kii Prem Kahaani_).mp3,[172.265625]
Veggie Dance.mp3,[151.99908088]
Vem Desestressar.mp3,[123.046875]
vendetta!.mp3,[83.35433468]
Venom.mp3,[123.046875]
Verte Ir.mp3,[129.19921875]
Very Sad.mp3,[83.35433468]
Vete.mp3,[92.28515625]
Vette Motors.mp3,[151.99908088]
VIBEZ.mp3,[151.99908088]
"Villano Antillano_ Bzrp Music Sessions, Vol. 51.mp3",[129.19921875]
Virtual Angel.mp3,[112.34714674]
Viva La Vida.mp3,[135.99917763]
Vivir Mi Vida.mp3,[103.359375]
Voices In My Head.mp3,[86.1328125]
Vois sur ton chemin - Techno Mix.mp3,[135.99917763]
Volvi.mp3,[117.45383523]
WA DA DA.mp3,[123.046875]
Waffle House.mp3,[123.046875]
Wagon Wheel.mp3,[73.828125]
Wait a Minute!.mp3,[99.38401442]
WAIT FOR U (feat. Drake & Tems).mp3,[86.1328125]
wait in the truck.mp3,[69.83741554]
Waiting for the End.mp3,[112.34714674]
Wake Me Up - Acoustic.mp3,[117.45383523]
Wake Up (feat. Chris Brown).mp3,[112.34714674]
Wake Up! (feat. Juice WRLD).mp3,[78.30255682]
Walk Em Down (feat. Roddy Ricch).mp3,[83.35433468]
Walk Em Down.mp3,[83.35433468]
Walk It Talk It.mp3,[143.5546875]
Walking On A Dream.mp3,[129.19921875]
WANDA.mp3,[117.45383523]
WANNABE.mp3,[123.046875]
WAP (feat. Megan Thee Stallion).mp3,[129.19921875]
WASTE.mp3,[129.19921875]
Wasted Love (feat. Lagique).mp3,[123.046875]
WATATI (feat. Aldo Ranks) [From Barbie The Album].mp3,[112.34714674]
Watch The World Burn.mp3,[161.49902344]
Water.mp3,[117.45383523]
Way down We Go.mp3,[161.49902344]
We Are Never Ever Getting Back Together (Taylor's Version).mp3,[86.1328125]
we can't be friends (wait for your love).mp3,[107.66601562]
We Can't Stop.mp3,[80.74951172]
We Didn’t Start The Fire.mp3,[151.99908088]
we don't fight anymore.mp3,[129.19921875]
we fell in love in october.mp3,[129.19921875]
We Ride.mp3,[83.35433468]
We Rollin.mp3,[86.1328125]
We're Good.mp3,[89.10290948]
Weekend.mp3,[135.99917763]
Welcome To Brixton.mp3,[135.99917763]
Wellerman - Sea Shanty.mp3,[95.703125]
Wet Dreamz.mp3,[172.265625]
What A Wonderful World.mp3,[112.34714674]
What About Us.mp3,[117.45383523]
What He'll Never Have.mp3,[112.34714674]
What If (I Told You I Like You).mp3,[123.046875]
What If I Told You That I Love You.mp3,[86.1328125]
What Ifs (feat. Lauren Alaina).mp3,[123.046875]
What Lovers Do (feat. SZA).mp3,[107.66601562]
What Makes You Beautiful.mp3,[123.046875]
What My World Spins Around.mp3,[123.046875]
What They Want.mp3,[135.99917763]
What Would Pluto Do.mp3,[95.703125]
What You Know Bout Love.mp3,[83.35433468]
What's Love Got to Do with It.mp3,[99.38401442]
Whatever She Wants.mp3,[95.703125]
Whatever.mp3,[143.5546875]
When I Grow Up.mp3,[112.34714674]
When I Was Your Man.mp3,[73.828125]
When It Comes To You.mp3,[135.99917763]
When It Rains It Pours.mp3,[129.19921875]
When I’m Gone (with Katy Perry).mp3,[123.046875]
When We Were Young.mp3,[135.99917763]
When You're Gone.mp3,[143.5546875]
Where Are U Now (with Justin Bieber).mp3,[143.5546875]
Where It Ends.mp3,[172.265625]
WHERE SHE GOES.mp3,[143.5546875]
Where the Wild Things Are.mp3,[117.45383523]
Where You Are.mp3,[129.19921875]
Whiskey Glasses.mp3,[151.99908088]
Whiskey On You.mp3,[112.34714674]
Whistle (feat. Calum Scott).mp3,[123.046875]
Whistle.mp3,[103.359375]
White Tee (with NO1-NOAH).mp3,[61.5234375]
Who Needs Love.mp3,[107.66601562]
Whole Lotta Choppas.mp3,[129.19921875]
Why Not.mp3,[117.45383523]
Wide Awake.mp3,[161.49902344]
Wife.mp3,[123.046875]
Wiggle (feat. Snoop Dogg).mp3,[161.49902344]
wiggy.mp3,[123.046875]
Wild as Her.mp3,[151.99908088]
Wild Side (feat. Cardi B).mp3,[107.66601562]
Wild Thoughts (feat. Rihanna & Bryson Tiller).mp3,[99.38401442]
Wildberry Lillet.mp3,[135.99917763]
willow.mp3,[112.34714674]
Wind Up Missin’ You.mp3,[86.1328125]
Wine Into Whiskey.mp3,[99.38401442]
Wish.mp3,[95.703125]
With You.mp3,[117.45383523]
Without Me.mp3,[135.99917763]
Without You (feat. Sandro Cavazza).mp3,[135.99917763]
Woah.mp3,[143.5546875]
Wockesha.mp3,[103.359375]
Won't Forget You (Edit).mp3,[129.19921875]
Wonder.mp3,[135.99917763]
Words (feat. Zara Larsson).mp3,[61.5234375]
Work Out.mp3,[95.703125]
World Cup.mp3,[117.45383523]
World Hold On (Children Of The Sky) - FISHER Rework.mp3,[129.19921875]
World's Smallest Violin.mp3,[117.45383523]
Worth It (feat. Kid Ink).mp3,[99.38401442]
Wreckage.mp3,[103.359375]
Wrecked.mp3,[184.5703125]
WUSYANAME (feat. Youngboy Never Broke Again & Ty Dolla $ign).mp3,[143.5546875]
WY@.mp3,[117.45383523]
X ESO BB.mp3,[99.38401442]
X SI VOLVEMOS.mp3,[117.45383523]
X ULTIMA VEZ.mp3,[89.10290948]
X1.mp3,[123.046875]
XO Tour Llif3.mp3,[151.99908088]
Y Si Se Quiere Ir.mp3,[143.5546875]
Ya Acabo.mp3,[129.19921875]
Ya Lili.mp3,[184.5703125]
Ya No Estoy Dolido.mp3,[123.046875]
Ya No Tiene Novio.mp3,[92.28515625]
Ya No Vuelvas.mp3,[135.99917763]
Ya Pedo Quien Sabe.mp3,[151.99908088]
Ya Te Supere.mp3,[143.5546875]
Yaad Piya Ki Aane Lagi.mp3,[135.99917763]
Yeah Glo!.mp3,[99.38401442]
YEAH RIGHT.mp3,[112.34714674]
Yeah! (feat. Lil Jon & Ludacris).mp3,[103.359375]
YESHUA - dance cruise.mp3,[99.38401442]
Yet To Come.mp3,[172.265625]
Yo No Soy Celoso.mp3,[143.5546875]
"Yo x Ti, Tu x Mi.mp3",[123.046875]
Yo Ya No Vuelvo Contigo - En Vivo.mp3,[83.35433468]
You & Me - Rivo Remix.mp3,[123.046875]
You & Me.mp3,[112.34714674]
You and Me.mp3,[135.99917763]
You Belong With Me.mp3,[129.19921875]
You Know You Like It.mp3,[129.19921875]
You Need To Calm Down.mp3,[86.1328125]
You Say.mp3,[73.828125]
you should see me in a crown.mp3,[83.35433468]
"You're On Your Own, Kid.mp3",[117.45383523]
You're Somebody Else.mp3,[103.359375]
You.mp3,[107.66601562]
Young And Beautiful.mp3,[112.34714674]
Your Power.mp3,[129.19921875]
Yugur.mp3,[57.421875]
YUM YUM - Slowed.mp3,[107.66601562]
YuNg BrAtZ.mp3,[129.19921875]
YYYYYYYYYY.mp3,[99.38401442]
yyyyyyyyyyyyyyyyyyy.mp3,[135.99917763]
Zaalim.mp3,[143.5546875]
Zapateado Encabronado.mp3,[80.74951172]
Zaroori Tha.mp3,[92.28515625]
ZITTI E BUONI.mp3,[103.359375]
Zombie.mp3,[151.99908088]
Zona De Perigo.mp3,[135.99917763]
_Slut!_ (Taylor's Version) (From The Vault).mp3,[151.99908088]
